Name,Location,Contact
KAPOOR ENTERPRISES,"Delhi,  Delhi ",+91-9582760221 
GOOD FIGURE B.S. Falwaria Clothing Co,"Delhi,  Delhi ",+91-9899004151 
K. LAL OVERSEAS,"Delhi,  Delhi ",+91-8800108881 
SSA LONDON GARMENTS,"Delhi,  Delhi ",+91-9873218044 
THREE THREAD CREATED BY SILVER 9,"Delhi,  Delhi ",+91-8826720320 
NLEAF,"Delhi,  Delhi ",+91-9811079358 
ZUPAR - FENTAS  KUMAR INTERNATIONAL,"Delhi,  Delhi ",+91-8527680558 
ROCK DEAL SHIRTS   S.T. FASHION,"Delhi,  Delhi ",+91-9718771787 
.SEVEN  SAI CREATIONS,"Delhi,  Delhi ",+91-9999393986 
BODYFIT DESIGNER SHIRTS,"Delhi,  Delhi ",+91-9818644807 
AZZY COLLECTION,"Delhi,  Delhi ",+91-9999198307 
BLUE TIGER JEANS,"Delhi,  Delhi ",+91-9873096027 
SHAM FASHIONS,"Delhi,  Delhi ",+91-no 
JAIN BROTHERS,"Delhi,  Delhi ",+91-9858800007 
FANCY DUPATTA CORNER,"Delhi,  Delhi ",+91-98144-22270 
ELVIS JEANS,"Delhi,  Delhi ",+91-no 
SRI GOPAL & SON,"Delhi,  Delhi ",+91-no 
AVIA EXPERTS,"Delhi,  Delhi ",+91-9899067610 
BAKKACHE The Original Brand,"Delhi,  Delhi ",+91-9555603218 
D.M.G. FASHION ZONE,"Delhi,  Delhi ",+91-9811956545 
ARORA COLLECTIONS,"Delhi,  Delhi ",+91-9311902717 
FASHION ZONE,"Delhi,  Delhi ",+91-9210688486 
ROYAL CLOTHING,"Delhi,  Delhi ",+91-9811059723 
SURPLUS HOUSE,"Delhi,  Delhi ",+91-9811032091 
FASHION HUT,"Delhi,  Delhi ",+91-9716220610 
CROSS CULTURE FASHION,"Delhi,  Delhi ",+91-9810001468 
MATTA SURPLUS CO.,"Delhi,  Delhi ",+91-9871030837 
METRO EXPORTS,"Delhi,  Delhi ",+91-9818642077 
HIRA KNITTING WOOL (REGD.),"Delhi,  Delhi ",+91-9999999290 
PARIS FASHION,"Delhi,  Delhi ",+91-9810272977 
A.N.C. TRADERS,"Delhi,  Delhi ",+91-no 
SWAGAT TRADERS,"Delhi,  Delhi ",+91-9136184041 
SHASHI HOSIERY & GARMENTS,"Delhi,  Delhi ",+91-9811636065 
SHAKTI DRESSES,"Delhi,  Delhi ",+91-9990090078 
DIMPLE GARMENTS,"Delhi,  Delhi ",+91-9810017914 
VARDHMAN TRADING HOUSE,"Delhi,  Delhi ",+91-9811531324 
SPARKLINE SHIRTS,"Delhi,  Delhi ",+91-9250058222 
LOGAS APPARELS,"Delhi,  Delhi ",+91-9810056063 
JAI CHANDA DRESSES,"Delhi,  Delhi ",+91-9810023735 
KALPNA GARMENTS  KALPNA JEANS,"Delhi,  Delhi ",+91-9899191451 
JAJU ENTERPRISES,"Delhi,  Delhi ",+91-9811368902 	 
JAIN DRESSES,"Delhi,  Delhi ",+91-9899262571 
MAYA SHEEL APPREALS,"Delhi,  Delhi ",+91-9811882398 
CLASSIC FASHION WEAR,"Delhi,  Delhi ",+91-9818258251 
VEE JEE INTERNATIONAL,"Delhi,  Delhi ",+91-9810051850 
BARYAH SONS,"Delhi,  Delhi ",+91-9871678733 
I.D. CREATION,"Delhi,  Delhi ",+91-9873636071 
OM FASHION WEARS,"Delhi,  Delhi ",+91-9810147964 
STYLE CLUB   (ADROIT JEANS),"Delhi,  Delhi ",+91-+91-9873754793 
GOLD DUPATTA CENTRE,"Delhi,  Delhi ",+91-9811162567 
ARORA FASHION,"Delhi,  Delhi ",+91-8800498253 
SUMIT FASHIONS,"Delhi,  Delhi ",+91-9799580808 
DEEPAK S CHHABRA,"Delhi,  Delhi ",+91-no 
HUNNY ENTERPRISES,"Delhi,  Delhi ",+91-8447910428 
NEW WORLD CHOICE,"Delhi,  Delhi ",+91-9873745336 
SARDAR SILK HOUSE,"Delhi,  Delhi ",+91-no 
LAXMI HARI COLLECTION,"Delhi,  Delhi ",+91-9971076853 
D2S SHIRTS,"Delhi,  Delhi ",+91-9873795361 
NETBASKET JNS.,"Delhi,  Delhi ",+91-9999228814 
ROOYAL COLLECTION,"Delhi,  Delhi ",+91-9810121818 
TEDDY SMITH,"Delhi,  Delhi ",+91-9810520104 
S.K. TRADING CO.,"Delhi,  Delhi ",+91-9873786643 
PEBBLAY JEANS,"Delhi,  Delhi ",+91-9999753536 
MY BIRD SHIRTS,"Delhi,  Delhi ",+91-9990188776 
999 JEANS & COTTON PANTS,"Delhi,  Delhi ",+91-9891232510 
BIG TEN,"Delhi,  Delhi ",+91-9953883003 
COTTON TREE,"Delhi,  Delhi ",+91-9212626577 
HARI OM HARI,"Delhi,  Delhi ",+91-9250901794 
DARCY SHIRTS,"Delhi,  Delhi ",+91-9650760038 
UNDER STICH,"Delhi,  Delhi ",+91-8375882005 
BLK WOLF JEANS WEARS,"Delhi,  Delhi ",+91-9810677105 
THE GOOD DIE YOUNG,"Delhi,  Delhi ",+91-9818199813 
BETTINA LIANO,"Delhi,  Delhi ",+91-9582740002 
LOGICRAFT AGENCIES,"Delhi,  Delhi ",+91-9911598991 
BLACK BOOK JEANS,"Delhi,  Delhi ",+91-9582999487 
PICADOR JEANS & SHIRTS,"Delhi,  Delhi ",+91-9910252713 
J.M.D. TRADERS,"Delhi,  Delhi ",+91-9958353732 
DYLEN JEANS,"Delhi,  Delhi ",+91-8588832702 
NAYAN GARMENTS,"Delhi,  Delhi ",+91-9818401874 
"TRUE TIME, LETMOSS JEANS  Lakshay Garment","Delhi,  Delhi ",+91-9810144407 
GRACE (The Kurti Shop),"Delhi,  Delhi ",+91-9899130407 
GAS MAX INTERNATIONAL,"Delhi,  Delhi ",+91-9811045111 
LIVERPOOL,"Delhi,  Delhi ",+91-9899259404 
NO-MAX JEANS,"Delhi,  Delhi ",+91-9654575949 
JINJER BLUE JEANS CO.,"Delhi,  Delhi ",+91-9312022359 
RAJ APPARELS,"Delhi,  Delhi ",+91-9845046109 
OM SAI ENTERPRISES,"Delhi,  Delhi ",+91-8750925050 
ACTUAL BLOOS,"Delhi,  Delhi ",+91-9999901241 
AASHIRWAD CLOTHING,"Delhi,  Delhi ",+91-9899800844 
RED BRICK JEANS,"Delhi,  Delhi ",+91-9891172020 
3 DUDES SHIRTS,"Delhi,  Delhi ",+91-9810621264 
ABC CLOTHING INC.,"Delhi,  Delhi ",+91-9871061200 
BOYD JEANS  Nagpal Creations,"Delhi,  Delhi ",+91-9811339399 
PASSION CLOTHING INC.,"Delhi,  Delhi ",+91-9810864995 
PRX JEANS & SHIRTS PASSION CLOTHING,"Delhi,  Delhi ",+91-9310856757 
FLYING BLUE JEANS,"Delhi,  Delhi ",+91-9711747651 
KODE DESIGNER LAB  Pushap Apparel,"Delhi,  Delhi ",+91- 9811619533 
GUYS ROCKS Factory Camp,"Delhi,  Delhi ",+91-9990996633 
TINK’S GARMENTS,"Delhi,  Delhi ",+91-9818361696 
MOUN,"Delhi,  Delhi ",+91-9811298019 
JAI PARAS TRADERS,"Delhi,  Delhi ",+91-9810437492 
L.B. DENIMS,"Delhi,  Delhi ",+91-9810048509 
BALA SUNDRI TEXTILES,"Delhi,  Delhi ",+91-9416016041 
SANDEEP TEXTILES,"Ludhiana,  Punjab ",+91-9814468119 
R.V. TEXTILES,"Delhi,  Delhi ",+91-9417623816 
0161-4501213,"Delhi,  Delhi ",+91-8968936379 
DULHA GALLERY,"Delhi,  Delhi ",+91-8199997740 
ROYAL ATTIRE,"Delhi,  Delhi ",+91-no 
POSHAKK,"Delhi,  Delhi ",+91-9896200100 
SHIVA TRADERS,"Ambala,  Haryana ",+91-9355798747 
NAGPAL DUPATTA HOUSE,"Delhi,  Delhi ",+91-9541333335 
BANSAL TEXTILE,"Delhi,  Delhi ",+91-9896390762 
YOGESHWAR TEXTILES,"Delhi,  Delhi ",+91-9034436998 
GOYAL FASHION,"Delhi,  Delhi ",+91-9034894386 
A.P. FASHION,"Delhi,  Delhi ",+91-9466649146 
NAVEESH TEXTILES,"Delhi,  Delhi ",+91-9888887640 
JAGAN NATH TOPE WALA,"Delhi,  Delhi ",+91-9814106100 
SONU GARMENTS,"Ludhiana,  Punjab ",+91-8968936379 
TONY GARMENTS,"Delhi,  Delhi ",+91-9872376500 
KHADI & KHADI,"Delhi,  Delhi ",+91-9963821777 
JITENDRA EMPORIUM / KANISHKA CREATION,"Delhi,  Delhi ",+91-9314059994 
SAHAB TAILORS,"Delhi,  Delhi ",+91-9314298639 
SOGANI’S  Chhoteylal Nemichand,"Delhi,  Delhi ",+91-9414054755 
M.M. AGENCY,"Delhi,  Delhi ",+91-9351616709 
KHALSA’S CREATION,"Delhi,  Delhi ",+91-9928438900 
SHRI NARAYAN COLLECTION (Farrukhabad Wale),"Delhi,  Delhi ",+91-9460654232 
AMIT TAILORS,"Delhi,  Delhi ",+91-9829098843 
L.R. CREATION,"Delhi,  Delhi ",+91-9829022235 
GOPALA CREATION,"Delhi,  Delhi ",+91-9414838998 
D.K. GARMENTS,"Delhi,  Delhi ",+91-9680241199 
GOPAL ZEE FASHION,"Delhi,  Delhi ",+91-9354911414 
FREEBOOTERS F.C. Fashion Club,"Delhi,  Delhi ",+91-9650124419 
CRAFT MEN  Maya Apparels,"Delhi,  Delhi ",+91-8860292480 
BOLD JEANS,"Delhi,  Delhi ",+91-9999488806 
X-VIRUS,"Delhi,  Delhi ",+91-7838605207 
VIM’S ENTERPRISES,"Delhi,  Delhi ",+91-9873993799 
MOHIT FASHIONS PVT. LTD.,"Delhi,  Delhi ",+91-9810019782 
AADINATH CLOTHING,"Delhi,  Delhi ",+91-8800592263 
GAMBLER  by : S.N. Enterprises,"Delhi,  Delhi ",+91-9999389909 
ANOUGH,"Delhi,  Delhi ",+91-9953162450 
A.R. FASHION,"Delhi,  Delhi ",+91-9810000727 
TG ANGEL,"Delhi,  Delhi ",+91-9560409067 
SHRI AKAAL ENTERPRISES (BUDDY JNS),"Delhi,  Delhi ",+91-9899908983 
NAMAN ENTERPRISES,"Delhi,  Delhi ",+91-9811788685 
SHIV GARMENTS,"Delhi,  Delhi ",+91-9911627962 
RED FASHION,"Delhi,  Delhi ",+91-8447306298 
APPS PRINCE COLLECTION,"Delhi,  Delhi ",+91-9718052446 
ZYKER JEANS CO.,"Delhi,  Delhi ",+91-9837430826 
STENLEE / ADD_ON JEANS & SHIRTS S.D. Clothing Co.,"Delhi,  Delhi ",+91-9891196863 
50 CENTS SHIRTS,"Delhi,  Delhi ",+91-9873730593 
S.Z. SHIRTS,"Delhi,  Delhi ",+91-9716914786 
STONEX,"Delhi,  Delhi ",+91-9205225329 
P.S.Q. JEANS	,"Delhi,  Delhi ",+91-8447958116 
LIMOS CASUAL SHIRTS,"Delhi,  Delhi ",+91-9599633830 
RED STREET DENIM,"Delhi,  Delhi ",+91-9899699196 
JACK & WALK,"Delhi,  Delhi ",+91-9818440434 
STYLO JEANS,"Delhi,  Delhi ",+91-9810687287 
M.J.D. TRADERS,"Delhi,  Delhi ",+91-8447879143 
PODGE JEANS,"Delhi,  Delhi ",+91-9599391840 
R.J.S.,"Delhi,  Delhi ",+91-7838723957 
I.ZONE-4,"Delhi,  Delhi ",+91-7838661506 
SHAUNIK CREATIONS,"Delhi,  Delhi ",+91-9289971206 
SUPER STUD,"Delhi,  Delhi ",+91-9711147127 
RAJAN RAVI,"Delhi,  Delhi ",+91-9855090263 
SAI INTERNATIONAL,"Delhi,  Delhi ",+91-9871458089 
SEVENTY-7,"Delhi,  Delhi ",+91-8447140777 
FLYING PORT,"Delhi,  Delhi ",+91-7838011257 
MOON JNS.,"Delhi,  Delhi ",+91-9873085212 
D.N.A. JEANS,"Delhi,  Delhi ",+91-9873076889 
D GENERATION X AND RS,"Delhi,  Delhi ",+91-9560221048 
WORLD-NINE PERFECT CASUAL,"Delhi,  Delhi ",+91-9818876472 
ORIGINAL FASHION,"Delhi,  Delhi ",+91-9990991900 
RVM HIGH GARED JEANS,"Delhi,  Delhi ",+91-9811893785 
BLINK THIRD EYES JEANS CO.Shyam Surbhi Enterprises,"Delhi,  Delhi ",+91-9953554223 
STEFAN HAFNER JEANS,"Delhi,  Delhi ",+91-9999952827 
LA-BELLADONA,"Delhi,  Delhi ",+91-9910715118 
WOLF WORLD,"Delhi,  Delhi ",+91-9899735366 
PARV CREATION,"Delhi,  Delhi ",+91-7532997584 
KARMA DENIMS  By Neha Enterprises,"Delhi,  Delhi ",+91-9953725380 
SKO,"Delhi,  Delhi ",+91-9899577729 
DENIZYM,"Delhi,  Delhi ",+91-9810751978 
GOPAL GARMENTS (Ludhiana Walon Ki Dukan),"Delhi,  Delhi ",+91-9015551220 
SELECTION SHOPE,"Delhi,  Delhi ",+91-8882087233 
CASA JEANS,"Delhi,  Delhi ",+91-9599689020 
FIZI JEANS,"Delhi,  Delhi ",+91-9811224863 
HEAT LINE INTERNATIONAL STANDARD,"Delhi,  Delhi ",+91-9555128020 
FASHION HOUSE,"Delhi,  Delhi ",+91-9811135768 
MR. MAC JEANS,"Delhi,  Delhi ",+91-9871061200 
PRX PASSION CLOTHING,"Delhi,  Delhi ",+91-9310856757 
TRUE COLORS Brand Name : East Stone,"Delhi,  Delhi ",+91-9599101345 
HARI OM HARI JNS,"Delhi,  Delhi ",+91-9250901794 
BIG TEN ITALY / TIME ONN COMFORTLOOK,"Delhi,  Delhi ",+91-9953883003 
TUFCON JEANS CO.,"Delhi,  Delhi ",+91-9953232918 
BIG BASH,"Delhi,  Delhi ",+91-9891198032 
TRIPLE-M (SARTHI CLOTHING CO.),"Delhi,  Delhi ",+91-9350131092 
sachin_yadav888@yahoo.co.in,"Delhi,  Delhi ",+91-9891994417 
K.L. FASHION HOUSE,"Delhi,  Delhi ",+91-9999111777 
NOW & WOW,"Delhi,  Delhi ",+91-8860175030 
UT (U TURN),"Delhi,  Delhi ",+91-9312991052 
FITIDE,"Delhi,  Delhi ",+91-9873423242 
VAMIKA FASHIONS,"Jaipur,  Rajasthan ",+91-9414479782 
JAGDISH SONS,"Jaipur,  Rajasthan ",+91-9784242427 
 HASSANAND & SONS,"Jaipur,  Rajasthan ",+91-9784138006 
ASHAPURA CREATION,"Jaipur,  Rajasthan ",+91-8107127165 
ANGLE SALES,"Jaipur,  Rajasthan ",+91-9024901513 
AJAY GARMENTS,"Delhi,  Delhi ",+91-9717120726 
RAHUL FASHION,"Jaipur,  Rajasthan ",+91-9799551795 
HARSHIT CREATION,"Jaipur,  Rajasthan ",+91-9828739432 
SONA TEXTILES,"Jaipur,  Rajasthan ",+91-8209777084 
RADHA RANI CREATION,"Jaipur,  Rajasthan ",+91-9783151000 
DEVI FABRIC,"Jaipur,  Rajasthan ",+91-9660576504 
PRANEHIK CREATION,"Jaipur,  Rajasthan ",+91-9784474168 
SCOOZI,"Jaipur,  Rajasthan ",+91-9829548757 
ROOP CREATION,"Jaipur,  Rajasthan ",+91-9785425108 
JAIPURIYAA,"Jaipur,  Rajasthan ",+91-8696885486 
KAMAL FASHIONS,"Jaipur,  Rajasthan ",+91-9828708111 
SHRESTHVAR,"Jaipur,  Rajasthan ",+91-9530079082 
INNER SECRECTS,"Alwar,  Rajasthan ",+91-8949632186 
SINGH SUIT PALACE,"Alwar,  Rajasthan ",+91-9414640023 
MANAV CREATION,"Delhi,  Delhi ",+91-9099968898 
SHIV KRUPA CREATION,"Delhi,  Delhi ",+91-9374431053 
ADONIS,"Delhi,  Delhi ",+91-27356168 
S.R. MATTA & SONS (KIDS RAGE AND FLORANCE),"Patiala,  Punjab ",+91-9988677777 
SONAL INTERNATIONAL (GLAM GALZ),"Patiala,  Punjab ",+91-9988888871 
TEX MAC SOLUTIONS,"Delhi,  Delhi ",+91-9810125047 
ZUMAX JEANS,"Delhi,  Delhi ",+91-9953908649 
WHITE & MACKEY,"Delhi,  Delhi ",+91-8506971886 
VEHLI JANTA / GERRARI,"Delhi,  Delhi ",+91-7409010707 
TANEJA JEE GARMENTS,"Delhi,  Delhi ",+91-9811132744 
TAG OUTFITS,"Delhi,  Delhi ",+91-9876101717 
SWAG CLUB,"Delhi,  Delhi ",+91-9868843050 
SHIVAM TRADERS,"Delhi,  Delhi ",+91-7838078498 
SHIVA EMPEROR,"Delhi,  Delhi ",+91-9810423072 
SHAURYA KIDS WEAR,"Delhi,  Delhi ",+91-9871052123 
SCOTTS CLUB BANGALORE SHIRTS,"Delhi,  Delhi ",+91-9811318562 
SUKH TRADERS,"Delhi,  Delhi ",+91-9212127946 
SIX BROTHERS OUTFITS,"Delhi,  Delhi ",+91-8860051425 
SANA GARMENTS,"Delhi,  Delhi ",+91-8459273348 
SHRI PARAS FAB.,"Delhi,  Delhi ",+91-9810736480 
SHRI AKAAL ENTERPRISES (BUDDY JNS.),"Delhi,  Delhi ",+91-9999398757 
SHREE BANKEY BIHARI FABRICS PVT. LTD.,"Delhi,  Delhi ",+91-9811927937 
SAMARTH GARMENTS,"Delhi,  Delhi ",+91-9654122538 
ROYATO,"Delhi,  Delhi ",+91-8586851111 
ROYAL WEAVERS,"Delhi,  Delhi ",+91-9899398809 
RHOOD RAW,"Delhi,  Delhi ",+91-9254183018 
RIDHI JEANS,"Delhi,  Delhi ",+91-9891571008 
RIDHI COLLECTION,"Delhi,  Delhi ",+91-9811138028 
REAL SAINTS SHIRTS,"Delhi,  Delhi ",+91-9899045119 
REDMI JEANS,"Delhi,  Delhi ",+91-8459178106 
PRAKASH BROTHERS,"Delhi,  Delhi ",+91-9810200450 
NIRMAL FASHION,"Delhi,  Delhi ",+91-9811850888 
NAMO TRADING CO.,"Delhi,  Delhi ",+91-9891274412 
NAVJOT GARMENTS,"Delhi,  Delhi ",+91-9873148077 
M.S. HOSIERY,"Delhi,  Delhi ",+91-9350975970 
MI-95,"Delhi,  Delhi ",+91-9313926852 
LOYAL DENIM,"Delhi,  Delhi ",+91-9871580180 
KYID JEANS,"Delhi,  Delhi ",+91-9971634574 
KHUSHI COLLECTION,"Delhi,  Delhi ",+91-9891344642 
 K.K. TEXTILES,"Delhi,  Delhi ",+91-9310119074 
JOHN CLUB,"Delhi,  Delhi ",+91-9654237116 
JAY-7 JEANS (Veena Garments),"Delhi,  Delhi ",+91-8459417585 
JCX JEANS,"Delhi,  Delhi ",+91-9999905066 
IMAGE EXIM,"Delhi,  Delhi ",+91-9212114277 
HUNK,"Delhi,  Delhi ",+91-9891844311 
HEAVEN’S,"Delhi,  Delhi ",+91-9911129479 
GUBS JEANS (BLACK TURKY),"Delhi,  Delhi ",+91-9999004853 
FASHION FACTORY,"Delhi,  Delhi ",+91-9254009600 
FZK JEANS,"Delhi,  Delhi ",+91-9250090039 
DUSTIN JEANS,"Delhi,  Delhi ",+91-9911518181 
DRESS PARK FASHION,"Delhi,  Delhi ",+91-9958746723 
DRAVYA COLLECTION,"Delhi,  Delhi ",+91-9250023105 
DIVYANSHI GARMENTS,"Delhi,  Delhi ",+91-9990414512 
DHINGRA CREATIONS,"Delhi,  Delhi ",+91-9811198366 
DEEPAK APPARELS,"Delhi,  Delhi ",+91-9871662742 
D.N.A.JEANS,"Delhi,  Delhi ",+91-9873076889 
CHARDIKLA ACCESSORIES,"Delhi,  Delhi ",+91-8447466619 
B. DASS CHHABRA,"Delhi,  Delhi ",+91-9587009999 
BEN RICH,"Delhi,  Delhi ",+91-9794361235 
BANSAL ENTERPRISES,"Delhi,  Delhi ",+91-9811061089 
BANKEY BIHARI GARMENTS,"Delhi,  Delhi ",+91-9871074645 
BAL VATIKA,"Delhi,  Delhi ",+91-9828192690 
BALAJI TRADERS,"Delhi,  Delhi ",+91-9953544086 
BABA FASHION (INDIA),"Delhi,  Delhi ",+91-220079746 
BEE-7,"Delhi,  Delhi ",+91-9910344873 
ASHOK & VISHAL,"Delhi,  Delhi ",+91-9818136688 
ARIHANT READYMADE,"Delhi,  Delhi ",+91-9414453981 
ARIHANT HOSIERY,"Delhi,  Delhi ",+91-9414366888 
ARVIND LIMITED,"Delhi,  Delhi ",+91-9311711286 
ANIL GARMENTS,"Delhi,  Delhi ",+91-9213295104 
ANKIT STORE,"Delhi,  Delhi ",+91-9696960808 
AADINATH HOSIERY,"Delhi,  Delhi ",+91-8512888060 
AKASH GARMENTS,"Delhi,  Delhi ",+91-8766280272 
VIKAS GARMENTS (AJAY),"Delhi,  Delhi ",+91-9990110490 
YASH PROPERTIES,"Delhi,  Delhi ",+91-9213864120 
TANU GARMENTS,"Delhi,  Delhi ",+91-9213864120 
SHRI BALAJI GARMENTS,"Delhi,  Delhi ",+91-9212398561 
SHRI SIDDHI COLLECTION,"Delhi,  Delhi ",+91-8130723446 
SINGH SPORTS WEAR,"Delhi,  Delhi ",+91-9999980910 
NAMAN JEANS,"Delhi,  Delhi ",+91-9910633385 
MARK TAYLOR,"Delhi,  Delhi ",+91-9717794497 
RICH FUTURE,"Delhi,  Delhi ",+91-9810241405 
SHRI AKAAL ENTERPRISES,"Delhi,  Delhi ",+91-9999398757 
K.K.R. FASHION,"Delhi,  Delhi ",+91-8447188059 
SHRI KHATU SHYAM GARMENTS,"Delhi,  Delhi ",+91-9990578580 
LESI’V INTERNATIONAL,"Delhi,  Delhi ",+91-9953007569 
P.S.Q. JEANS,"Delhi,  Delhi ",+91-8447958116 
S.S. TRADERS,"Delhi,  Delhi ",+91-9179480888 
4 EVER JEANS,"Delhi,  Delhi ",+91-8800435645 
BEST LOOK,"Delhi,  Delhi ",+91-9205524363 
7F7 JEANS GOLD,"Delhi,  Delhi ",+91-9953950347 
S.G. APPARELS,"Delhi,  Delhi ",+91-9871546134 
BALAJEE AGENCIES,"Delhi,  Delhi ",+91-9999111197 
M.Y.K. ENTERPRISES,"Delhi,  Delhi ",+91-9015490705 
N.R. ENTERPRISES,"Delhi,  Delhi ",+91-7827458885 
RAMSONS INDUSTRIES,"Delhi,  Delhi ",+91-9717479787 
R.K. SHIRTS,"Delhi,  Delhi ",+91-9811202820 
ZIPLOCK JEANS,"Delhi,  Delhi ",+91-9999670564 
Z-FLY JEANS CO.,"Delhi,  Delhi ",+91-8586959631 
WHITECON,"Delhi,  Delhi ",+91-8750840785 
X-THREE JEANS,"Delhi,  Delhi ",+91-9873889801 
X-MOON (T P R COLLECTION),"Delhi,  Delhi ",+91-9711543761 
TREDO JEANS,"Delhi,  Delhi ",+91-9999247807 
TURNOFF,"Delhi,  Delhi ",+91-9810419952 
TRUE INDIA BLUE,"Delhi,  Delhi ",+91-9871070981 
TUNIQUE CREATION,"Delhi,  Delhi ",+91-8586994845 
TEE UP,"Delhi,  Delhi ",+91-8860049829 
S3D ENTERPRISES,"Delhi,  Delhi ",+91-9891803264 
SHIV KIRPA,"Delhi,  Delhi ",+91-7290904823 
SURBHI ENTERPRISES,"Delhi,  Delhi ",+91-9818065555 
SEVEN JEANS,"Delhi,  Delhi ",+91-9999393986 
SWISS BOY DUBOID SHIRTS,"Delhi,  Delhi ",+91-9891011006 
SSS CREATIONS,"Delhi,  Delhi ",+91-9999734642 
RON-X (By : R.R. Fashion),"Delhi,  Delhi ",+91-9899238966 
ROYAL DARK (By AD FASHIONS),"Delhi,  Delhi ",+91-8527982402 
REHMAT ENTERPRISES,"Delhi,  Delhi ",+91-9660320901 
REPUBLIC OF TRENDS (R.O.T.),"Delhi,  Delhi ",+91-9310321595 
RE-BLACK,"Delhi,  Delhi ",+91-8285864636 
R8 JEANS,"Delhi,  Delhi ",+91-7838661156 
PLAY JEANS (SHIVANK MALHOTRA),"Delhi,  Delhi ",+91-9911122231 
PITA JNS (JEANS),"Delhi,  Delhi ",+91-9811279777 
PARAMOUNT APPARELS,"Delhi,  Delhi ",+91-9897588886 
P 19 JEANS	,"Delhi,  Delhi ",+91-9015269010 
ODIE & BUFFY JEANS,"Delhi,  Delhi ",+91-9971571501 
NET YORK,"Delhi,  Delhi ",+91-8766244021 
N.F. FASHION SHIRTS,"Delhi,  Delhi ",+91-7011136041 
MOON TIME JEANS,"Delhi,  Delhi ",+91-9999730699 
MOON (SHIRTS & JEANS),"Delhi,  Delhi ",+91-9871755227 
MARTIN SOUL JEANS,"Delhi,  Delhi ",+91-9810888878 
MAPS ADVOKE (PRIYANSHU ENTERPRISES),"Delhi,  Delhi ",+91-8860332235 
LONG DRIVE JEANS,"Delhi,  Delhi ",+91-9837071826 
LONDON / BRUTUS,"Delhi,  Delhi ",+91-9818283141 
LNG JEANS,"Delhi,  Delhi ",+91-9999928372 
KITTU FASHION COLLECTION,"Delhi,  Delhi ",+91-7015023371 
KAVYA’S,"Delhi,  Delhi ",+91-9711080389 
K J APPARELLS BASSIX BY 3CS,"Delhi,  Delhi ",+91-9818986874 
KLEIDSUMIT APPARELS,"Delhi,  Delhi ",+91-9871058628 
JYOTI ENTERPRISES (FLAMINDIGO / BLUEJ JEANS),"Delhi,  Delhi ",+91-7982768470 
JUST KAVALI  BY KL FASHION,"Delhi,  Delhi ",+91-9999111777 
JIMMY & JOHN,"Delhi,  Delhi ",+91-9953127875 
JAIN’S ADDY-NUDDY,"Delhi,  Delhi ",+91-9810202198 
JMK ENTERPRISES,"Delhi,  Delhi ",+91-9899377274 
INOX CLUB,"Delhi,  Delhi ",+91-9582170639 
ICON JEANS,"Delhi,  Delhi ",+91-8810268418 
IMMENSE JEANS,"Delhi,  Delhi ",+91-8010171330 
HISTORY CLUB JEANS,"Delhi,  Delhi ",+91-9873862115 
HILLS TON,"Delhi,  Delhi ",+91-9899230164 
HEALER JEANS,"Delhi,  Delhi ",+91-9599669458 
HANDRIX JEANS,"Delhi,  Delhi ",+91-9999445066 
HAKA JEANS,"Delhi,  Delhi ",+91-9643414040 
GOYAL CREATION,"Delhi,  Delhi ",+91-8383818874 
GOOD COLLECTION,"Delhi,  Delhi ",+91-9810734007 
GAMBLER,"Delhi,  Delhi ",+91-9999389909 
FRENDI JEANS (RANA JI),"Delhi,  Delhi ",+91-9891516098 
FOUR PLUS (BY A.K. COLLECTION),"Delhi,  Delhi ",+91-9717030644 
EARLY MAN®  UNICONE ™ DENIM DIVISIONEARLY MAN®  UNICONE ™ DENIM DIVISION,"Delhi,  Delhi ",+91-9818002863 
ERICK ®,"Delhi,  Delhi ",+91-9811571691 
D-XELL JEANS (MASTAN G ),"Delhi,  Delhi ",+91-8287346300 
DIRTY MAD JEANS / HIGHTAG JEANS,"Delhi,  Delhi ",+91-9015328148 
DEVI TEX,"Delhi,  Delhi ",+91-9652432929 
DENIM WALL JEANS,"Delhi,  Delhi ",+91-7838828794 
DAWAR FASHIONS,"Delhi,  Delhi ",+91-9811165008 
DBRW TRADERS,"Delhi,  Delhi ",+91-9899213013 
COLUMBUS JEANS,"Delhi,  Delhi ",+91-9810501310 
CABINET,"Delhi,  Delhi ",+91-9999428150 
CALVEEN SEEN,"Delhi,  Delhi ",+91-9773961357 
CLOTHQUE,"Delhi,  Delhi ",+91-9811184270 
BLACK STONE JEANS,"Delhi,  Delhi ",+91-9971167376 
BOLD JEANS (AIZA TEXTILES),"Delhi,  Delhi ",+91-9999488806 
BLUE AIM JEANS KEE,"Delhi,  Delhi ",+91-9540919352 
BAPU DA PARADISE PVT. LTD.,"Delhi,  Delhi ",+91-9871942748 
AGGARWAL APPARELS,"Delhi,  Delhi ",+91-9999600093 
ALDAMIN JEANS,"Delhi,  Delhi ",+91-7982605101 
A3 GIRAFF JEANS (RS GARMENTS),"Delhi,  Delhi ",+91-9818494206 
505 IT IS DIFFERENT,"Delhi,  Delhi ",+91-8700370082 
21 INSIDE,"Delhi,  Delhi ",+91-9582844895 
KAY ENN EXIM PVT. LTD.,"Delhi,  Delhi ",+91-9899356856 
SHREE SAINATH,"Jaipur,  Rajasthan ",+91-9680421022 
SHREE SAI CREATION,"Jaipur,  Rajasthan ",+91-9799491677 
PAYAL PRINT,"Jaipur,  Rajasthan ",+91-9024188967 
 OM FASHION,"Jaipur,  Rajasthan ",+91-9414052794 
WORLD NINE PERFECT JEANS,"Delhi,  Delhi ",+91-9818876472 
 FIZI JEANS,"Delhi,  Delhi ",+91-9811224863 
BOYD JEANS / BNA,"Delhi,  Delhi ",+91-9811339399 
PLAY (SHIVANK MALHOTRA),"Delhi,  Delhi ",+91-9911122231 
ROCK DEAL SHIRTS (S.T. FASHION),"Delhi,  Delhi ",+91-9718771787 
FABCARE FASHION,"Delhi,  Delhi ",+91-9582756289 
SF’S GOOD FIGURE,"Delhi,  Delhi ",+91-9899004151 
HQ STYLE HEADQUARTER,"Delhi,  Delhi ",+91-8802755080 
SHARMAN TRADERS,"Delhi,  Delhi ",+91-9812522005 
V-LOOK CLUB LIFE,"Delhi,  Delhi ",+91-9990966466 
D-CREATION,"Delhi,  Delhi ",+91-9999181856 
PENCHO JEANS,"Delhi,  Delhi ",+91-9015846541 
SHIVAM CLOTHING CO.,"Delhi,  Delhi ",+91-9999673201 
HOT AND HANDSOME,"Delhi,  Delhi ",+91-8585952540 
FIRST FEEL JEANS,"Delhi,  Delhi ",+91-93542224600 
DM FASHION,"Delhi,  Delhi ",+91-9999208062 
FUNNY WORLD,"Delhi,  Delhi ",+91-8860210080 
DECOROVS MEN’S WEAR,"Delhi,  Delhi ",+91-9582572455 
BLACK POISON,"Delhi,  Delhi ",+91-9711170421 
STEFAN HAFNER,"Delhi,  Delhi ",+91-9899770616 
KBA TRADING COMPANY,"Delhi,  Delhi ",+91-9811551935 
ALIEN,"Delhi,  Delhi ",+91-9654413623 
WAR MACHINE / GRAP JEANS,"Delhi,  Delhi ",+91-9999627111 
O.7 ONE LIFE,"Delhi,  Delhi ",+91-8130732028 
T-URBAN,"Delhi,  Delhi ",+91-9582455978 
NITIN SELECTION,"Delhi,  Delhi ",+91-9999615451 
NUZONE JEANS,"Delhi,  Delhi ",+91-9999227632 
MAFFIEX JEANS,"Delhi,  Delhi ",+91-8826991810 
MAWALI JEANS,"Delhi,  Delhi ",+91-9871205428 
1 ONE SHIRTS,"Delhi,  Delhi ",+91-9810864995 
TISKA,"Delhi,  Delhi ",+91-9999310191 
JAY-7 JEANS,"Delhi,  Delhi ",+91-8459417585 
ZENITH ZONE,"Delhi,  Delhi ",+91-9999703531 
ADDY-NUDDY,"Delhi,  Delhi ",+91-9810202198 
FASHION BLOG,"Delhi,  Delhi ",+91-9555355355 
J&J ENTERPRISES,"Delhi,  Delhi ",+91-9582733887 
BLACK AND WHITE,"Delhi,  Delhi ",+91-9891673473 
FS,"Delhi,  Delhi ",+91-9810744330 
SPOILT KIDS WEAR,"Delhi,  Delhi ",+91-9811584693 
APPLE CUT,"Delhi,  Delhi ",+91-9466946595 
OSHIZEN’S,"Delhi,  Delhi ",+91-9899997345 
VENTO ENTERPRISES,"Delhi,  Delhi ",+91-9911214161 
GUBS JEANS,"Delhi,  Delhi ",+91-9999004853 
ROLLING JEANS,"Delhi,  Delhi ",+91-9899464291 
SCISSOR JEANS,"Delhi,  Delhi ",+91-9899940387 
DATE ENTERPRISES,"Delhi,  Delhi ",+91-9971817348 
LA-MERCY BY ANSHUL CREATION,"Delhi,  Delhi ",+91-9990678520 
SPOILT MEN’S WEAR,"Delhi,  Delhi ",+91-9999096447 
WICKER JEANS 3M Being Man,"Delhi,  Delhi ",+91-9999164939 
CROWNE JEANS,"Delhi,  Delhi ",+91-9136053075 
JOYMAN,"Delhi,  Delhi ",+91-9953573025 
KEFI JEANS,"Delhi,  Delhi ",+91-9953706727 
A B H JEANS,"Delhi,  Delhi ",+91-92663000004 
PUNYA CLOTHING,"Delhi,  Delhi ",+91-9560797284 
IDEE JEANS LIQUID-9,"Delhi,  Delhi ",+91-9958684024 
RABS GOLD JEANS,"Delhi,  Delhi ",+91-9999984418 
FASHION MAFIA,"Delhi,  Delhi ",+91-9205150097 
BLACKOUT MANGLA ENTERPRISES,"Delhi,  Delhi ",+91-9354963002 
W. STALLION JEANS,"Delhi,  Delhi ",+91-995868844 
Y2K,"Delhi,  Delhi ",+91-8860500020 
2ND STEP INSPIRING-PEOPLE,"Delhi,  Delhi ",+91-9250059124 
VEHLI JANTA,"Delhi,  Delhi ",+91-7409010707 
MBS SHIRTS,"Delhi,  Delhi ",+91-9811544798 
BLUE JORDAN  PREMIUM SHIRTS,"Delhi,  Delhi ",+91-9680581242 
KIHU TRADERS,"Delhi,  Delhi ",+91-9711480509 
RAWN BRAWN,"Delhi,  Delhi ",+91-9711838302 
BLACK FLUID,"Delhi,  Delhi ",+91-9540548989 
VINTAGE INDIA,"Delhi,  Delhi ",+91-9811980738 
BETTER WEAR,"Delhi,  Delhi ",+91-9999700390 
HYPE A UNIT OF MODO,"Delhi,  Delhi ",+91-9811349222 
RICHMIND FULLFEEL,"Delhi,  Delhi ",+91-9999238484 
ZCAFE JEANS,"Delhi,  Delhi ",+91-8586958687 
GIRIRAJ CLOTHING,"Delhi,  Delhi ",+91-8285230666 
ROGOS CLOTHING COMPANY,"Delhi,  Delhi ",+91-8699000700 
DENIM BOY,"Delhi,  Delhi ",+91-9810370575 
SK CLOTHINGS,"Delhi,  Delhi ",+91-40073239 
PAWAN GARMENTS,"Delhi,  Delhi ",+91-9990282168 
WELLBROW,"Delhi,  Delhi ",+91-9873589085 
CRAZY TOUCH JEANS,"Delhi,  Delhi ",+91-9990488835 
BAN RICH,"Delhi,  Delhi ",+91-9794361235 
SRF FASHION,"Delhi,  Delhi ",+91-9891983603 
LYQAIES,"Delhi,  Delhi ",+91-9953715248 
S.R.G. ENTERPRISES,"Delhi,  Delhi ",+91-9910059108 
SKYIES JEANS,"Delhi,  Delhi ",+91-9953333059 
MOHIT FASHION PVT. LTD.,"Delhi,  Delhi ",+91-9810019782 
WOFL WORLD,"Delhi,  Delhi ",+91-9899735366 
ROLES JEANS,"Delhi,  Delhi ",+91-9650766535 
STORM CLUB JEANS,"Delhi,  Delhi ",+91-8920992382 
Z. TONE,"Delhi,  Delhi ",+91-8587075034 
BLUE IVORY,"Delhi,  Delhi ",+91-9990964211 
KYID JEAS GLADEN JEANS,"Delhi,  Delhi ",+91-9971634574 
THE WARDROBE,"Delhi,  Delhi ",+91-9899771334 
BLINK THIRD EYES JEANS CO.,"Delhi,  Delhi ",+91-9999611500 
RAW FORCE II,"Delhi,  Delhi ",+91-9891961464 
BLUE BUFF,"Delhi,  Delhi ",+91-9910298063 
SHRI SHYAM CREATION,"Delhi,  Delhi ",+91-9899227508 
FEDERATION OF DENIMS,"Delhi,  Delhi ",+91-9582377764 
BANDIDOS BY RNK,"Delhi,  Delhi ",+91-9971098520 
BLANK STITCH,"Delhi,  Delhi ",+91-9312561333 
TOM RICH,"Delhi,  Delhi ",+91-9811373635 
LALWANI'S,"Hyderabad,  Telangana ",+91-040-66781664 
KRISHYA GARMENTS,"Delhi,  Delhi ",+91-9313193031 
M/S. RAJHDHANI FASHION APPAREL,"Delhi,  Delhi ",+91-9891182257 
M/S. DINESH  GARMENTS,"Rohtak,  Haryana ",+91-9896069902 
KALA SHREE,"Delhi,  Delhi ",+91-23863327 
KRISH CREATION,"Ahmedabad,  Gujarat ",+91-9327649016 
KING'S FASHION,"Ahmedabad,  Gujarat ",+91-9824577875 
KIMANO,"Delhi,  Delhi ",+91-9310491640 
KOOLWAL & CO.,"Delhi,  Delhi ",+91-9999882335 
KESRIA GARMENTS,"Delhi,  Delhi ",+91-9310163733 
KALPANA GARMENTS,"Delhi,  Delhi ",+91-9899191451 
KARNIKA GARMENTS,"Delhi,  Delhi ",+91-9810313380 
KANHAIYA TRADERS,"Delhi,  Delhi ",+91-9899282888 
KAPLI DRESSES,"Delhi,  Delhi ",+91-09899910999 
K.C. CREATION,"Delhi,  Delhi ",+91-011-29834864 
K. D. GARMENTS,"Delhi,  Delhi ",+91-9210706738 
J.D. FASHION,"Delhi,  Delhi ",+91-9871130938 
JAGRITI JEANS,"Delhi,  Delhi ",+91-9810848264 
Harshita Garments,"Delhi,  Delhi ",+91-9312154970 
HY-FASHION,"Delhi,  Delhi ",+91-9899671213 
JAI PARAS COLLECTION,"Delhi,  Delhi ",+91-9711164000 
J.B.G GARMENTS,"Delhi,  Delhi ",+91-9818240851 
HUNNY FASHION,"Delhi,  Delhi ",+91-9899751126 
Haaris COLLECTION,"Delhi,  Delhi ",+91-011-4165511 
HARSH APPARELS,"Ahmedabad,  Gujarat ",+91-9374019334 
HARIKRUPA GARMENTS,"Ahmedabad,  Gujarat ",+91-9879634903 
HARI OM GARMENT,"Ahmedabad,  Gujarat ",+91-9714138560 
HOLLY WOOD TRENDS,"Delhi,  Delhi ",+91-011-23842982 
H-2 DESIGN STUDIO,"Delhi,  Delhi ",+91-9811096362 
GULSHAN GARMENT (SONU  ™),"Delhi,  Delhi ",+91-9818829239 
GOYAL GARMENTS,"Delhi,  Delhi ",+91-011-22143722 
HELLO GARMENTS,"Delhi,  Delhi ",+91-9811432584 
GOYAL JEE TRADERS,"Delhi,  Delhi ",+91-9891850236 
GX,"Delhi,  Delhi ",+91-9958325599 
GOPANISH SUITS,"Surat,  Gujarat ",+91-9898614510 
GOLDY GARMENTS,"Delhi,  Delhi ",+91-9871505627 
GRY 8 FABS DESIGNER HUB,"Delhi,  Delhi ",+91-9999228909 
GANESH LIBAS,"Rohtak,  Haryana ",+91-9355070062 
G & S (The Man's Wardrobe),"Delhi,  Delhi ",+91-011-25718844 
FUSION The Dressing Lounge,"Delhi,  Delhi ",+91-9811644898 
DREAM TOUCH,"Dibrugarh,  Assam ",+91-0373-23327753 
DIPLOMAT JEANS,"Delhi,  Delhi ",+91-09312476508 
FULL TOSS,"Delhi,  Delhi ",+91-9999756011 
DESER-TA GARMENTS,"Delhi,  Delhi ",+91-9811357421 
DEIFY FREE OF FASHION,"Siliguri,  West Bengal ",+91-9832381984 
BHAGYA CREATION,"Pune,  Maharashtra ",+91-020-24434516 
BULBUL DRESSES,"Delhi,  Delhi ",+91-9999975256 
BODYWEAR SHOPEE,"Pune,  Maharashtra ",+91-09960117586 
C. Son’s Chharia,"Delhi,  Delhi ",+91-9810145200 
BANSAL GARMENTS,"Delhi,  Delhi ",+91-9891343725 
VISHWA GARMENTS,"Delhi,  Delhi ",+91-9818341942 
BAJ SON SHIRTS,"Delhi,  Delhi ",+91-9818341942 
AURRA,"Pune,  Maharashtra ",+91-9823614015 
ARIHANT  KIDS & LADIES WEAR,"Mumbai,  Maharashtra ",+91-9819875514 
ASHISH CREATION,"Ahmedabad,  Gujarat ",+91-09879095619 
ANTRIX GARMENTS	,"Ahmedabad,  Gujarat ",+91-9377238218 
 A.R. TRADERS,"Hyderabad,  Telangana ",+91-9246553341 
A STHETIC ™,"Delhi,  Delhi ",+91-9811296638 
A + PLUS GARMENTS,"Ahmedabad,  Gujarat ",+91-9998736378 
99 APPARELS		,"Ahmedabad,  Gujarat ",+91-09825619620 
AGGARWAL CAP HOUSE,"Delhi,  Delhi ",+91-9810098908 
MENS MODE,"Secunderabad,  Telangana ",+91-040-48512982 
LINEN CLUB,"Secunderabad,  Telangana ",+91-9010151801 
ANAND BAZAR ELITE,"Secunderabad,  Telangana ",+91-9652227686 
KIMARA FASHION,"Secunderabad,  Telangana ",+91-9908831568 
LALIT CLOTHING CO.,"Secunderabad,  Telangana ",+91-040-27896473 
SHELKA ENTERPRISES,"Ambala,  Haryana ",+91-9416985164 
INIKA FASHION,"Ambala,  Haryana ",+91-9138271881 
KALRA COLLECTION,"Ambala,  Haryana ",+91-9896200033 
CREAZIONI BY RANAK,"Ambala,  Haryana ",+91-9996608809 
SUHAAG,"Ambala,  Haryana ",+91-9814044516 
K.C. OUTFITS,"Ambala,  Haryana ",+91-9896311222 
HEMANT ROYALE,"Ambala,  Haryana ",+91-9896856314 
RAM SONS,"Ambala,  Haryana ",+91-9416683400 
SHRI HARMILAP RUMALA HOUSE,"Ambala,  Haryana ",+91-9466662452 
SHREE MILAP SILK SUITS,"Ambala,  Haryana ",+91-8683020979 
SHANKER TRADERS,"Ambala,  Haryana ",+91-9416366841 
SAHIL ENTERPRISES,"Ambala,  Haryana ",+91-9215617505 
SATKARTAR ENTERPRISES,"Ambala,  Haryana ",+91-9354557795 
MEERA TEXTILES,"Ambala,  Haryana ",+91-9896200167 
VANSH TRADERS,"Ambala,  Haryana ",+91-9416174167 
KRISHNA TEXTILE,"Ambala,  Haryana ",+91-9728654654 
KALRA TEXTILES,"Ambala,  Haryana ",+91-9416225601 
MUMBAITEX COOTON CLOUD,"Chandigarh,  Punjab ",+91-9814244556 
ARIHANT READYMADE & ENTERPRISES,"Alwar,  Rajasthan ",+91-9414453981 
SHREE PEHCHAAN GARMENTS,"Alwar,  Rajasthan ",+91-0144-2701460 
VASTRA,"Alwar,  Rajasthan ",+91-8385044555 
CENTRAL PLUS,"Alwar,  Rajasthan ",+91-7976643430 
VATSALYA COLLECTIONS,"Alwar,  Rajasthan ",+91-9413689487 
RAJU MATCHING CENTRE,"Alwar,  Rajasthan ",+91-9414890567 
KANIKA GARMENTS,"Alwar,  Rajasthan ",+91-7240081507 
V.K.A.K. FASHIONS PVT. LTD.,"Delhi,  Delhi ",+91-011-23991583 
MAHAVIR PARASHAD RAJEEV KUMAR,"Rohtak,  Haryana ",+91-9416548861 
SHERWANI WALE,"Delhi,  Delhi ",+91-9711479784 
DRESS CODE,"Delhi,  Delhi ",+91-9311506768 
AMRIT,"Delhi,  Delhi ",+91-9891900728 
KAYRA,"Delhi,  Delhi ",+91-991091686 
MUSK APPLAUSE CLOTHING PVT. LTD.,"Delhi,  Delhi ",+91-65165031 
SIDDHARTH & NEHA,"Delhi,  Delhi ",+91-98115569377 
ELAN,"Delhi,  Delhi ",+91-9990621167 
BABAL GARMENTS,"Delhi,  Delhi ",+91-9899824824 
ATISHAY FASHION,"Delhi,  Delhi ",+91-9811026380 
ASHIRWAD CREATION,"Ahmedabad,  Gujarat ",+91-9898707681 
ARYAN ENTERPRISE,"Ahmedabad,  Gujarat ",+91-9374190950 
ARIHANT INTERNATIONAL SIREN JEANS & CARGO,"Delhi,  Delhi ",+91-09845750012 
ANOKHI SAREES,"Surat,  Gujarat ",+91-9898222774 
ANAS GARMENTS,"Delhi,  Delhi ",+91-9210703939 
ANSH CLOTHINGS CO.,"Ahmedabad,  Gujarat ",+91-9979083747 
AMRITHA COLLECTION,"Ahmedabad,  Gujarat ",+91-9375317802 
AMBE GAMRNET,"Ahmedabad,  Gujarat ",+91-9374210696 
ALLIED APPARELS,"Ahmedabad,  Gujarat ",+91-9375575544 
AL -ZUBAIR ART,"Mumbai,  Maharashtra ",+91-9773047021 
AJANTHA DRESSES,"Pune,  Maharashtra ",+91-985039293 
AD-MENZ,"Delhi,  Delhi ",+91-9811410080 
ADINATH CREATION,"Ahmedabad,  Gujarat ",+91-9377488918 
ABHILASHA CREATION,"Surat,  Gujarat ",+91-9374687261 
AASHISH CREATION,"Ahmedabad,  Gujarat ",+91-09374747357 
AAKARSH,"Ahmedabad,  Gujarat ",+91-079-30269303 
(PEOPLE) DIV OF ADITYA BIRLA NUVO LTD.,"Delhi,  Delhi ",+91-011-45097543 
(L.J. CLUB ™ JEANS) JAI SHREE KRISHNA APPARELS,"Delhi,  Delhi ",+91-9871214350 
ZAHID GARMENTS,"Delhi,  Delhi ",+91-9350571898 
CORONA SELECTION,"Delhi,  Delhi ",+91-09911597861 
A.H. CRYSTAL,"Mumbai,  Maharashtra ",+91-9892285580 
WORLD FASHION,"Delhi,  Delhi ",+91-9213120342 
 VARDHMAN TRADING CO.,"Delhi,  Delhi ",+91-9871219480 
VILLA APPEARANCES,"Delhi,  Delhi ",+91-011-41677712 
VIJAY LAXMI FASHION,"Surat,  Gujarat ",+91-9825835919 
VAISHHAVI BOUTIQUE,"Pune,  Maharashtra ",+91-9373509095 
TIRUPATI GARMENTS,"Delhi,  Delhi ",+91-9993109156 
VEETRAG GARMENTS,"Delhi,  Delhi ",+91-9899772072 
THE SILK PALACE,"Delhi,  Delhi ",+91-23268296 
VEDANTA,"Delhi,  Delhi ",+91-9212069989 
V.K.  JACKET CLUBRAIN WEAR	,"Delhi,  Delhi ",+91-9810232975 
THE CLOWN TOWN,"Delhi,  Delhi ",+91-011- 65569173 
T.N.C.,"Delhi,  Delhi ",+91-9811538373 
SWAMI GARMENTS,"Delhi,  Delhi ",+91-9873276778 
SKIPPER,"Goa,  Maharashtra ",+91-9673109480 
SUMEE FASHION,"Delhi,  Delhi ",+91-9810656880 
SIDDHI COLLECTION,"Delhi,  Delhi ",+91-9811306745 
SURBHI SWATI SUITS,"Delhi,  Delhi ",+91-9810568681 
SRISHTI THE WOMAN WORLD,"Delhi,  Delhi ",+91-27353220 
Sidhaa Corporation,"Delhi,  Delhi ",+91-+91-9711187709 
SAKHI FASHION PVT. LTD.,"Mumbai,  Maharashtra ",+91-42362222 
SINGLA APPARELS PVT. LTD.,"Delhi,  Delhi ",+91-9310240058 
SIDDHI VINAYAK KNOTS,"Surat,  Gujarat ",+91-0261-2310153 
SHRI RAM ASSOCIATES,"Rohtak,  Haryana ",+91-01262-211111 
SHALIMAR,"Siliguri,  West Bengal ",+91-9434046118 
SRASHTI GARMENTS,"Delhi,  Delhi ",+91-09891629248 
SHIVAM GARMENTS (XX-4 FOUR),"Delhi,  Delhi ",+91-9311112525 
SHARMILEE NX.,"Ahmedabad,  Gujarat ",+91-9825366491 
S.M.&SONS,"Delhi,  Delhi ",+91-9811021036 
SCALE,"Mumbai,  Maharashtra ",+91-022-28648192 
SAHNI FABS,"Delhi,  Delhi ",+91-011-41618530 
SAINATH DRESSES,"Ahmedabad,  Gujarat ",+91-09327111907 
SAI COLLECTION  SHRI KRISHNA APPARELS 		,"Ahmedabad,  Gujarat ",+91-079-30248428 
SATGURU GARMENTS,"Delhi,  Delhi ",+91-9958488494 
SAGAR FASHION,"Surat,  Gujarat ",+91-9375956309 
ROYAL CREATION,"Delhi,  Delhi ",+91-9873883000 
S.K. APPARELS,"Ahmedabad,  Gujarat ",+91-9327579648 
SACHIN FASHION,"Delhi,  Delhi ",+91-011-32445353 
SACHIN  IMPEX,"Delhi,  Delhi ",+91-9810558847 
ROOPA TRADING CENTRE,"Delhi,  Delhi ",+91-9868222167 
ROYAL GARMENT,"Ahmedabad,  Gujarat ",+91-9328522200 
S. N. FASHION,"Delhi,  Delhi ",+91-9811707868 
RINKU GARMENT INDIA (PVT. LTD.),"Delhi,  Delhi ",+91-9891545454 
RIBA CREATION,"Ahmedabad,  Gujarat ",+91-079-30248289 
RED WINE SHRITS ACADEMY,"Ahmedabad,  Gujarat ",+91-079-22170804 
RAM CHAND MAHAJAN & SONS,"Delhi,  Delhi ",+91-9810968882 
RAJESH ® GARMENTS,"Delhi,  Delhi ",+91-9873206999 
RAGINI,"Delhi,  Delhi ",+91-9810397464 
RAMBHA COLLECTION,"Delhi,  Delhi ",+91-9899478717 
R.D. ENTERPRISE	,"Ahmedabad,  Gujarat ",+91-9377710024 
RANJEET TRADING CO.,"Delhi,  Delhi ",+91-955552883 
RAMDEV,"Mumbai,  Maharashtra ",+91-9320081957 
R. PARIL KUMAR & CO.,"Ahmedabad,  Gujarat ",+91-079-25510270 
PRIYA FASHION,"Ahmedabad,  Gujarat ",+91-9377842626 
 PARVEEN GARMENTS ®,"Noida,  Uttar Pradesh ",+91-9999975082 
PUNE BEAUTY,"Pune,  Maharashtra ",+91-90289-99308 
PARVEEN GARMENTS ®,"Delhi,  Delhi ",+91-9540516000 
PARINEETA SAREES,"Surat,  Gujarat ",+91-9277905005 
ONLY BRANDS,"Delhi,  Delhi ",+91-9811481273 
PAROSKI SAMAN TRADING CO.,"Delhi,  Delhi ",+91-9811166376 
NOOR GARMENT,"Mumbai,  Maharashtra ",+91-9324799795 
NO TENSON,"Delhi,  Delhi ",+91-9311255011 
NITY ASHA & CORPORATION,"Delhi,  Delhi ",+91-9910564401 
NAVRANG ENTERPRISES,"Delhi,  Delhi ",+91-9810650999 
 NICE ENTERPRISES,"Ahmedabad,  Gujarat ",+91-9824016723 
MOD FAISHONS,"Delhi,  Delhi ",+91-9990149191 
NEETA GARMENTS,"Mumbai,  Maharashtra ",+91-9820151351 
MEHAK PRINT,"Surat,  Gujarat ",+91-9327707070 
MONTO GARMENTS,"Delhi,  Delhi ",+91-9810371278 
MAUR SAREE CENTRE,"Delhi,  Delhi ",+91-9810444624 
NDM GARMENTS,"Delhi,  Delhi ",+91-9871101886 
MR. PRICE  (Ahmed Merchant),"Mumbai,  Maharashtra ",+91-9820811800 
NATURAL NIGHT WEAR,"Mumbai,  Maharashtra ",+91-022-24373858 
MANIBHADRA ENTERPRISE,"Ahmedabad,  Gujarat ",+91-9328363438 
MAKWANA BROTHERS (MAKWANA BUILDER),"Mumbai,  Maharashtra ",+91-09890371083 
MAHALAXMI - RAGBEE  /  RAMPP,"Ahmedabad,  Gujarat ",+91-987969499 
LE WRAPS AND STUDIO AT,"Delhi,  Delhi ",+91-09811307891 
 M. PLUS GARMENTS,"Delhi,  Delhi ",+91-9810569784 
KHAZANA MAL BANWARILAL,"Delhi,  Delhi ",+91-9999786117 
KHAZANA,"Siliguri,  West Bengal ",+91-9832081808 
KHALIL MOULVI & SONS,"Mumbai,  Maharashtra ",+91-022-22825591 
KEDAR NATH KHANDELWAL,"Delhi,  Delhi ",+91-981172786 
KAPOOR BHAI CHUNNI WALE,"Delhi,  Delhi ",+91-9015198862 
 KAMAL ENTERPRISE,"Ahmedabad,  Gujarat ",+91-9825886772 
KALP CREATION COTTON,"Ahmedabad,  Gujarat ",+91-8128804288 
K.T. ENTERPRISES,"Pune,  Maharashtra ",+91-9850058020 
K.S. ATUL & CO.,"Delhi,  Delhi ",+91-9891061525 
K.R. SONS  -  MOUNET COLLECTION,"Ahmedabad,  Gujarat ",+91-9328220002 
K.A. AGGARWAL & SONS,"Delhi,  Delhi ",+91-9810348950 
K. VIJAY CREATION,"Ahmedabad,  Gujarat ",+91-9374417919 
K. RAVIKUMAR,"Ahmedabad,  Gujarat ",+91-9428803581 
K. K. INTERNATIONAL,"Delhi,  Delhi ",+91-9899594364 
K. ASHIRWAD,"Ahmedabad,  Gujarat ",+91-9377105643 
K ANISHA  K. PIYUSH,"Ahmedabad,  Gujarat ",+91-9327995638 
JYOTI TEXTILE,"Ahmedabad,  Gujarat ",+91-9426353486 
JINAL FASHION (ONLY LINEN),"Surat,  Gujarat ",+91-0261-3260066 
JITU SILK MILLS,"Surat,  Gujarat ",+91-9998395422 
JEEL CREATION,"Ahmedabad,  Gujarat ",+91-9825053579 
JAY MAHADEV GARMENT,"Ahmedabad,  Gujarat ",+91-09898713698 
JAI GARMENTS,"Delhi,  Delhi ",+91-9891551153 
J.R. COLLECTION,"Delhi,  Delhi ",+91-9871977786 
J.K. JAIN HOSIERY & TRADING HOUSE,"Delhi,  Delhi ",+91-011-22082107 
J.K. ENTERPRISE`,"Ahmedabad,  Gujarat ",+91-9825862906 
J.J. FASHION,"Ahmedabad,  Gujarat ",+91-9377044503 
ISHITA GARMENTS,"Ahmedabad,  Gujarat ",+91-9374620800 
IMK JEANS,"Delhi,  Delhi ",+91-9212936417 
HONEX APPERALS,"Ahmedabad,  Gujarat ",+91-09408606691 
HINDUSTAN MARKETING,"Ahmedabad,  Gujarat ",+91-9377207961 
HIMANI SELECTIONS,"Delhi,  Delhi ",+91-9810866098 
HI  FI FASHION,"Ahmedabad,  Gujarat ",+91-9327583396 
HARESH TEXTILES,"Ahmedabad,  Gujarat ",+91-079-22154764 
"HANUKKAH A UNIT OF K.D, TREND WEAR PVT. LTD.","Delhi,  Delhi ",+91-011-27556106 
HANSRAJ APPARELS,"Ahmedabad,  Gujarat ",+91-9714600959 
GUPTA DRESSES,"Delhi,  Delhi ",+91-9810565592 
GUJRAL SONS,"Delhi,  Delhi ",+91-011-28753199 
GROVERS,"Delhi,  Delhi ",+91-011-41791571 
GRAFFITEE,"Delhi,  Delhi ",+91-no 
GLITTER GLITTER,"Ahmedabad,  Gujarat ",+91-9427985155 
GINNI COLLECTION,"Delhi,  Delhi ",+91-9811058485 
GHANSHYAM APPREALS,"Ahmedabad,  Gujarat ",+91-9377984804 
GGNNGS REDIFYNE BEAUTY,"Gurgaon,  Haryana ",+91-0124-3013743 
GEO JEANS NEW FASHION,"Delhi,  Delhi ",+91-9811182172 
GAURAV APPARELS PVT. LTD.,"Delhi,  Delhi ",+91-9811275342 
GARV FASHION,"Delhi,  Delhi ",+91-921405342 
GARDENIA,"Delhi,  Delhi ",+91-29810040 
GAJANAND LINING HOUSE,"Jorhat,  Assam ",+91-09435357505 
G.S. SYNTHETICS,"Surat,  Gujarat ",+91-9327708120 
G.P.S. TEXTILE  -  GANPATI CREATION,"Ahmedabad,  Gujarat ",+91-9724749316 
FRANCO FASHION,"Delhi,  Delhi ",+91-011-45579201 
FLAME,"Delhi,  Delhi ",+91-9818401656 
FASHION FREAK VARUN,"Delhi,  Delhi ",+91-9871031278 
FASHION FOREVER,"Bahadurgarh,  Haryana ",+91-9215539392 
FASHION FEVER,"Mumbai,  Maharashtra ",+91-9322257684 
F.G.S. JEANS,"Delhi,  Delhi ",+91-9868621792 
EXPRESSIONS THE DESIGNER COLLECTION,"Delhi,  Delhi ",+91-9873204850 
EXPRESSION MA,"Delhi,  Delhi ",+91-9873204850 
EURO STYLE,"Delhi,  Delhi ",+91-9958684024 
EM KAY APPARELS,"Ahmedabad,  Gujarat ",+91-9374177141 
EKTA TRADERS,"Ahmedabad,  Gujarat ",+91-09824250006 
EKTA APPARELS,"Ahmedabad,  Gujarat ",+91-9328508984 
EAGLE DRESSES,"Ahmedabad,  Gujarat ",+91-9898364867 
DIVYA GARMENT,"Ahmedabad,  Gujarat ",+91-9898680063 
DIVYA CREATION,"Ahmedabad,  Gujarat ",+91-9824150505 
DHANLAXMI APPARELS,"Ahmedabad,  Gujarat ",+91-8128985814 
DESIGNER DEN,"Delhi,  Delhi ",+91-9911700225 
DEHRA TRADERS,"Delhi,  Delhi ",+91-9999918912 
D-BOSS GARMENTS,"Delhi,  Delhi ",+91-9810673915 
D. JAIN AGENCY,"Surat,  Gujarat ",+91-9428873592 
CTC EMPORIO (P) LTD.,"Delhi,  Delhi ",+91-011-32633023 
CROSS CLOTHING CO.,"Ahmedabad,  Gujarat ",+91-9825582822 
 COLORS,"Delhi,  Delhi ",+91-9871523414 
COBB ® FLYING COLOURS OF FASHION,"Noida,  Uttar Pradesh ",+91-9999626502 
CIZZA SHIRTS,"Delhi,  Delhi ",+91-9868834902 
CITY FASHION POINT,"Bahadurgarh,  Haryana ",+91-9812199025 
CHULBUL BABY,"Delhi,  Delhi ",+91-9873743654 
CHIRAG FASHION,"Surat,  Gujarat ",+91-09377060708 
CHALLENGE JEANS VINAY FANCY WEAR,"Delhi,  Delhi ",+91-9350740940 
CENTRAL GARMENTS,"Delhi,  Delhi ",+91-9711010853 
CANDY FASHION (P) LTD.,"Delhi,  Delhi ",+91-9811166050 
C.M. TEXTILES,"Surat,  Gujarat ",+91-9327326198 
BUTTERFLY,"Pune,  Maharashtra ",+91-24458343 
 BUCKLE HOUSE,"Delhi,  Delhi ",+91-9810182269 
BROAD CAST HOUSE,"Delhi,  Delhi ",+91-9999657004 
BO-BEE HOSIERY,"Delhi,  Delhi ",+91-9899289786 
BLUE BELL APPARELS,"Ahmedabad,  Gujarat ",+91-9427953642 
BLESSINGS,"Delhi,  Delhi ",+91-9818703798 
BIG B,"Pune,  Maharashtra ",+91-020-24487862 
BHVYA CLOTHING CO.,"Delhi,  Delhi ",+91-9811255302 
BHAWNA FANCY WEAR,"Delhi,  Delhi ",+91-9810162942 
BHAIRAV CREATION,"Ahmedabad,  Gujarat ",+91-9427040134 
BHAGYALAXMI FASHION,"Ahmedabad,  Gujarat ",+91-9974916061 
BHAGYALAXMI ANEX,"Nashik,  Maharashtra ",+91-9850304965 
BEST ENTERPRISE,"Ahmedabad,  Gujarat ",+91-9825458372 
BAVYA CLOTHING CO.,"Delhi,  Delhi ",+91-9811255302 
BATRA TRADERS,"Delhi,  Delhi ",+91-9312633049 
 BARYAH SONS,"Delhi,  Delhi ",+91-9810250905 
BANSHI ENTERPRISES,"Delhi,  Delhi ",+91-9350312567 
BANSAL SALE CORPORATION,"Surat,  Gujarat ",+91-9426145107 
SAI GARMENTS,"Delhi,  Delhi ",+91-9873864620 
SAGAR SILK EMPORIUM,"Mumbai,  Maharashtra ",+91-9820763811 
S.T. TRADERS,"Delhi,  Delhi ",+91-9810140421 
S.K. GARMENT,"Delhi,  Delhi ",+91-9818815457 
S.K. FASHION,"Delhi,  Delhi ",+91-9210091104 
S.A.Z. COLLECTION  FASHION STYLE,"Delhi,  Delhi ",+91-9871491786 
S. MODH. SHAFFI PEEAL WALA,"Delhi,  Delhi ",+91-011-23547665 
RUCHI COLLECTION,"Delhi,  Delhi ",+91-9313996026 
ROOPAM,"Siliguri,  West Bengal ",+91-9832012927 
ROHAN GARMENTS,"Delhi,  Delhi ",+91-09268290225 
RITU FASHION WEAR,"Delhi,  Delhi ",+91-9810237704 
RISHABH CREATION,"Ahmedabad,  Gujarat ",+91-9449211258 
RISHAB GARMENTS,"Delhi,  Delhi ",+91-9810868978 
RIMPY GARMENTS,"Delhi,  Delhi ",+91-9971760338 
RINKU APPARELS,"Ahmedabad,  Gujarat ",+91-9824003932 
RIDDHI SIDDHI FASHION  VINAYAK TEXTILE,"Surat,  Gujarat ",+91-9825552407 
RIDDHI POLY PRINTS PVT. LTD.,"Surat,  Gujarat ",+91-9426189061 
RIB DENIM APPARELS MFGRS. CO.,"Ahmedabad,  Gujarat ",+91-9428412455 
REEMA TRADERS,"Ahmedabad,  Gujarat ",+91-9925038004 
REAL POINT,"Ahmedabad,  Gujarat ",+91-9979540382 
REAL GOLD & NET JEANS WEAR NET,"Delhi,  Delhi ",+91-9250525652 
RD SONS,"Delhi,  Delhi ",+91-9312212541 
RAYGAR ENTERPRISE,"Ahmedabad,  Gujarat ",+91-09712056069 
RAWAL CLOTH HOUSE & MASOOM KIDS HUT,"Delhi,  Delhi ",+91-9899101320 
RATAN MANDIR JEANS PVT. LTD.,"Jaipur,  Rajasthan ",+91-9413358806 
RAMESHWARM SAREES,"Delhi,  Delhi ",+91-9818680049 
RAJA FASHION RD's,"Delhi,  Delhi ",+91-9811815951 
R.S. GARMENTS,"Delhi,  Delhi ",+91-9999611494 
R.C.M. GARMENTS,"Delhi,  Delhi ",+91-9810558872 
R.B. AGENCY,"Jorhat,  Assam ",+91-9435866611 
R. K. APPARELS,"Ahmedabad,  Gujarat ",+91-9374011433 
Q.S.S. ENTERPRISES,"Delhi,  Delhi ",+91-9212336690 
PUNAMCHAND NARESHKUMAR & CO.,"Ahmedabad,  Gujarat ",+91-9825254184 
PRIYANKA DRESSES,"Delhi,  Delhi ",+91-9811071559 
PRAVIN GARMENTS,"Ahmedabad,  Gujarat ",+91-9824265801 
PRAGATEE,"Siliguri,  West Bengal ",+91-0353-2520285 
POWER LOOK,"Mumbai,  Maharashtra ",+91-9819611438 
POOJA NOVELTY,"Pune,  Maharashtra ",+91-9225500495 
PLANET F,"Delhi,  Delhi ",+91-9213412525 
PINTU APPARESL,"Ahmedabad,  Gujarat ",+91-9408136366 
PETER ENGLAND PEOPLE,"Delhi,  Delhi ",+91-011-45097573 
PEARL CLOTHING,"Ahmedabad,  Gujarat ",+91-8000221811 
PAWAN SONS,"Delhi,  Delhi ",+91-9650222923 
PATEL GARMENTS,"Ahmedabad,  Gujarat ",+91-079-30248141 
PARI ARTS,"Surat,  Gujarat ",+91-9327367999 
PARAG SAREES  SAMAIRA TEXTILE GROUP,"Surat,  Gujarat ",+91-0261-6615571 
PALAK FASHION,"Ahmedabad,  Gujarat ",+91-9377042727 
PANAMA GARMENTS,"Delhi,  Delhi ",+91-9818041419 
P.K. ENTERPRISES,"Ahmedabad,  Gujarat ",+91-9712923718 
ONCE MORE,"Delhi,  Delhi ",+91-9899156111 
OM SHIV GARMENTS,"Delhi,  Delhi ",+91-9873707321 
OM GURU CREATION,"Ahmedabad,  Gujarat ",+91-9375333231 
OM FASHION WEAR,"Delhi,  Delhi ",+91-9810147464 
OAM GARMENTS,"Ahmedabad,  Gujarat ",+91-9825959520 
NISHA GARMENTS   (N.D. Jeans),"Delhi,  Delhi ",+91-9313430436 
NIKHAR BANDHANI,"Delhi,  Delhi ",+91-9810366842 
NEW RAJAN BROTHER,"Delhi,  Delhi ",+91-9212796157 
NEW BANSAL HOSIERY FACTORY,"Delhi,  Delhi ",+91-011-42798163 
NENCY ENTERPRISE,"Ahmedabad,  Gujarat ",+91-9924122578 
NAVRANG FASHIONS,"Delhi,  Delhi ",+91-9910036791 
NAV DURGA SILK MILLS,"Surat,  Gujarat ",+91-9377213344 
NARANG SHOES PVT. LTD.,"Delhi,  Delhi ",+91-9811024938 
NAMDEV FASHION,"Ahmedabad,  Gujarat ",+91-09374411737 
MYSON APPARELS,"Ahmedabad,  Gujarat ",+91-079-22146989 
MUSKAN CREATION,"Delhi,  Delhi ",+91-9891104106 
MUKESH APPARELS,"Ahmedabad,  Gujarat ",+91-9925091071 
MONI'S COLLECTION,"Nashik,  Maharashtra ",+91-9423178884 
MOD WEARS,"Delhi,  Delhi ",+91-990149191 
METRO GAMRENTS,"Ahmedabad,  Gujarat ",+91-09427357295 
MEHTANI,"Delhi,  Delhi ",+91-9582070975 
MAYA FASHION,"Delhi,  Delhi ",+91-9350647566 
MAX APPAREL,"Delhi,  Delhi ",+91-9350000004 
MANYA CREATIONS,"Delhi,  Delhi ",+91-9873104499 
MANIK STORES,"Pune,  Maharashtra ",+91-020-24455861 
MANAN DESIGN,"Delhi,  Delhi ",+91-011-41757701 
MAMMOTH APPARELS,"Ahmedabad,  Gujarat ",+91-079-30248616 
MAHESH HOSIERY,"Ahmedabad,  Gujarat ",+91-9327045042 
MAHAVIR DRESSES,"Ahmedabad,  Gujarat ",+91-09825855991 
MADHURI,"Siliguri,  West Bengal ",+91-0353-2529824 
MADHAV OVERSEAS,"Delhi,  Delhi ",+91-9312942303 
M/S. FASHION WAVES,"Gurgaon,  Haryana ",+91-9953473554 
M/S JAIN SONS EMPORIUM,"Delhi,  Delhi ",+91-011-27128821 
M/S ANAND FASHION WEARS,"Delhi,  Delhi ",+91-9811024011 
 M.S. ENTERPRISES,"Delhi,  Delhi ",+91-9899856111 
M.M. GARMENTS,"Ahmedabad,  Gujarat ",+91-9274518037 
M. JAYESHKUMAR,"Ahmedabad,  Gujarat ",+91-9327028231 
M. GARMENT,"Mumbai,  Maharashtra ",+91-9833362596 
M. ANJAN APPARELS,"Ahmedabad,  Gujarat ",+91-9824093043 
M S. FASHION'S,"Ahmedabad,  Gujarat ",+91-9429666456 
LUCKY TRADERS,"Delhi,  Delhi ",+91-9871214531 
LUCKY FASHION WEAR,"Delhi,  Delhi ",+91-9811420185 
LITTLE KINGDOM,"Delhi,  Delhi ",+91-9650131314 
LEO APPARELS,"Ahmedabad,  Gujarat ",+91-9925123789 
LAXMI FASHION,"Delhi,  Delhi ",+91-011-65760158 
LA MARINO,"Delhi,  Delhi ",+91-9899258305 
KULDEEP CREATION,"Ahmedabad,  Gujarat ",+91-09427048302 
KRUTI SUITS & CREATION,"Surat,  Gujarat ",+91-9328621000 
KRISHNA KNITWEAR,"Delhi,  Delhi ",+91-9810533407 
KRISHNA GARMENTS,"Ahmedabad,  Gujarat ",+91-9904471411 
KHURANA DRESSES,"Delhi,  Delhi ",+91-9810139916 
BHAI BHAI FASHION,"Delhi,  Delhi ",+91-9312282062 
BEHL'S HI-FASHION,"Delhi,  Delhi ",+91-9313702264 
BAWA SHIRT GALLERY,"Delhi,  Delhi ",+91-9811193124 
BALAJI COLLECTION,"Delhi,  Delhi ",+91-9810661245 
BABBU WEAR (Daddy's Angel),"Delhi,  Delhi ",+91-9873139139 
BABA TIRPUR CO.,"Delhi,  Delhi ",+91-9971855548 
BABA SAHAB COLLECTION,"Delhi,  Delhi ",+91-9810007527 
BABA GARMENTS ROSY GIRL,"Delhi,  Delhi ",+91-9811419884 
BABA CAP HOUSE,"Delhi,  Delhi ",+91-9810540369 
AZZORA CREATION,"Ahmedabad,  Gujarat ",+91-9913944433 
AVANI APPARELS,"Ahmedabad,  Gujarat ",+91-9825419090 
ARIHANT IMPO EXPO,"Delhi,  Delhi ",+91-9811222586 
ARIHANT GARMENTS,"Mumbai,  Maharashtra ",+91-022-238104448 
ANNU GARMENTS,"Delhi,  Delhi ",+91-9871723625 
ANIL APPARELS  -  ANIL TRADERS,"Ahmedabad,  Gujarat ",+91-9825411461 
ANAND GARMENTS (DAS),"Delhi,  Delhi ",+91-9811477502 
ANAND APPARELS,"Ahmedabad,  Gujarat ",+91-9825085980 
AMMON COLLECTION,"Delhi,  Delhi ",+91-9810076119 
AMIT DRESSES,"Delhi,  Delhi ",+91-9810363213 
ALIF GARMENTS,"Delhi,  Delhi ",+91-011-41797859 
AL-ANWAR GARMENTS,"Mumbai,  Maharashtra ",+91-022-23403710 
AJAY PROPERTIES,"Delhi,  Delhi ",+91-64601765 
AAGAM FABRICMIHIR CREATION,"Mumbai,  Maharashtra ",+91-9322284335 
AGGARWAL TRADING CO.,"Delhi,  Delhi ",+91-9212010430 
ADLABS JEANS,"Delhi,  Delhi ",+91-9873333198 
ADITYA READYMADE,"Mumbai,  Maharashtra ",+91-9820065564 
ADHUNIK DRESS LAND,"Delhi,  Delhi ",+91-9810447474 
ACTION GARMENTS,"Delhi,  Delhi ",+91-9311982909 
ABHAY FASHION,"Delhi,  Delhi ",+91-9313779928 
ANKIT TEXTILE MILLS,"Ahmedabad,  Gujarat ",+91-9879473704 
ZAVERI GARMENTS,"Mumbai,  Maharashtra ",+91-09920224881 
Z.F.R. GARMENTS,"Delhi,  Delhi ",+91-9818287722 
YOUNG CHOICE,"Siliguri,  West Bengal ",+91-9832067832 
YAS  V,"Ahmedabad,  Gujarat ",+91-9327606263 
WORLD WIN JINDAL BROTHERS,"Delhi,  Delhi ",+91-9810393805 
WEAVETTE FASHIONS PVT. LTD.,"Delhi,  Delhi ",+91-9810079970 
WANDERLAND,"Siliguri,  West Bengal ",+91-9832352883 
WADHWA GARMENTS,"Delhi,  Delhi ",+91-9953631545 
VRINDA,"Delhi,  Delhi ",+91-011-47042430 
VISHNU GIRLS WEAR,"Delhi,  Delhi ",+91-9311316821 
VIJAY TRADING COMPANY,"Delhi,  Delhi ",+91-9811035127 
VARDHMAN FABRICS,"Delhi,  Delhi ",+91-9871177522 
VARDHAMAN COLLECTIONS,"Nashik,  Maharashtra ",+91-9822090980 
VANDAN SHREE FASHION,"Surat,  Gujarat ",+91-9898044211 
VAIBHAV LAXMI ENTERPRISE,"Ahmedabad,  Gujarat ",+91-9925189593 
V.V. JEANS COMPANY ®,"Delhi,  Delhi ",+91-9810432748 
V.S. INTERNATIONAL,"Delhi,  Delhi ",+91-9811888682 
UPHAR PACKING CREATION,"Ghaziabad,  Uttar Pradesh ",+91-9818875753 
UMESH GARMENTS,"Delhi,  Delhi ",+91-9971567190 
UMANG FASHION,"Ahmedabad,  Gujarat ",+91-9879530700 
U.M. MOOL CHAND INDIA EMPORIUM,"Delhi,  Delhi ",+91-011-24641700 
TREHAN HOSIERY,"Delhi,  Delhi ",+91-9811697777 
TOPS FASHION,"Ahmedabad,  Gujarat ",+91-9909424699 
TOP COLLECTION,"Delhi,  Delhi ",+91-9312253227 
THE THEME APPARELS,"Ahmedabad,  Gujarat ",+91-9429064004 
THE FASHION BOUTIQUE,"Bangalore,  Karnataka ",+91-9448832746 
T-FIVE CREATIVE SHIRT,"Ahmedabad,  Gujarat ",+91-9924333313 
TANISHQ FASHION,"Delhi,  Delhi ",+91-9213979758 
TANIA'S COLLECTION,"Siliguri,  West Bengal ",+91-0353-2435167 
SWEETY TRADERS,"Delhi,  Delhi ",+91-9350102173 
SWASTIKA INTERNATIONAL,"Delhi,  Delhi ",+91-9811031000 
SURPRISE,"Mumbai,  Maharashtra ",+91-9892199899 
SUNDA TRADING CO.,"Ahmedabad,  Gujarat ",+91-9426356303 
SUNDA & CO.,"Ahmedabad,  Gujarat ",+91-9925900113 
SUN APPARELS,"Mumbai,  Maharashtra ",+91-9594027333 
STYLE INDIA,"Delhi,  Delhi ",+91-9899497070 
SSIPL RETAIL LTD.,"Delhi,  Delhi ",+91-9312806302 
 SONU GARMENTS,"Delhi,  Delhi ",+91-9810488950 
SONA GARMENTS,"Delhi,  Delhi ",+91-9810358355 
SMIT APPRELS,"Ahmedabad,  Gujarat ",+91-9924369639 
SINGHAL INDUSTRIES,"Delhi,  Delhi ",+91-9310780033 
SIMRAN  FASHIONS PVT. LTD.,"Delhi,  Delhi ",+91-011-29836755 
 SIMRAN FAB,"Delhi,  Delhi ",+91-9818167171 
SHUBHANKARI  BIZ GENTS,"Delhi,  Delhi ",+91-9212329453 
SHRI PINGAL GARMENTS,"Delhi,  Delhi ",+91-9981525550 
SHREEJI,"Mumbai,  Maharashtra ",+91-9821338602 
SHREE VALLABH CREATIONS PVT. LTD.,"Surat,  Gujarat ",+91-9825611556 
SHREE VACHAN GARMENTS ( KARNAL ZONE ),"Ahmedabad,  Gujarat ",+91-9426350576 
 SHREE SAI CREATION,"Ahmedabad,  Gujarat ",+91-09328866688 
SHREE NAVKAR APPARELS,"Ahmedabad,  Gujarat ",+91-9925119566 
SHREE GANESH EMPORIUM,"Delhi,  Delhi ",+91-9810250379 
SHREE GAJANAN CLOTH CENTRE,"Pune,  Maharashtra ",+91-020-24493691 
SHREE CHAMUNDA FASHION	,"Ahmedabad,  Gujarat ",+91-9427031879 
SHREE BHAGYA LAXMI GARMENTS,"Ahmedabad,  Gujarat ",+91-9825628157 
 SHIVALAY FAB,"Delhi,  Delhi ",+91-9811400455 
SHIRT JUNCTION,"Ahmedabad,  Gujarat ",+91-9374701017 
SHILPA GARMENTS,"Ahmedabad,  Gujarat ",+91-9227205785 
SHARRU GARMENTS,"Delhi,  Delhi ",+91-29840593 
SHALIBHADRA TRADERS ( Leevee Juniors),"Ahmedabad,  Gujarat ",+91-9924472104 
SHABAD COLLECTION,"Delhi,  Delhi ",+91-9718000432 
SAUBHATYA COLLECTION,"Delhi,  Delhi ",+91-9899002017 
SATYAM GARMENTS,"Delhi,  Delhi ",+91-9311102551 
SATNAM APPARELS  -  FIRETRAP CLOTHING CO.,"Ahmedabad,  Gujarat ",+91-9924123123 
SARV PRIYA FASHIONS,"Delhi,  Delhi ",+91-9824151939 
SARAN SINGH & SONS,"Delhi,  Delhi ",+91-9210032013 
SALONI,"Siliguri,  West Bengal ",+91-9933889874 
SAKSHI TEXTILE,"Delhi,  Delhi ",+91-9717743308 
SAINATH GARMENTS,"Ahmedabad,  Gujarat ",+91-9925120721 
SAI SMIT CREATION,"Mumbai,  Maharashtra ",+91-9867407715 
SAI LILA CREATION,"Surat,  Gujarat ",+91-9825823823 
NAVKAR APPARELS,"Ahmedabad,  Gujarat ",+91-9426389061 
NAVEEN COLLECTION,"Delhi,  Delhi ",+91-9810756853 
NATIONAL DRESSES,"Delhi,  Delhi ",+91- 9810985051 
N.R.S. JEANS,"Delhi,  Delhi ",+91-9810355475 
N.D.M. GARMENTS,"Delhi,  Delhi ",+91-011-22073731 
MY KHUSHI JEANS,"Delhi,  Delhi ",+91-9899096009 
MUDPIE,"Kolkata,  West Bengal ",+91-033-22527746 
MOON STAR GARMENTS,"Delhi,  Delhi ",+91-9871224998 
MOHINI GARMENTS,"Delhi,  Delhi ",+91-9818068311 
MODERN GARMENTS,"Delhi,  Delhi ",+91-9278287515 
MOD FASHION,"Delhi,  Delhi ",+91-011-23328539 
MICRO GENTS WEAR,"Bangalore,  Karnataka ",+91-9449963562 
MEGA EXPORTS,"Bangalore,  Karnataka ",+91-9740784820 
MANMANDIR READYMADE,"Pune,  Maharashtra ",+91-9922007622 
MALLIKA CRAFTS,"Delhi,  Delhi ",+91-011-23316133 
MAHINDER SINGH CHHABRA & SONS,"Delhi,  Delhi ",+91-011-41620260 
MAHAMAYA TRADERS,"Delhi,  Delhi ",+91-9312211768 
MAHADEV TRADERS,"Ahmedabad,  Gujarat ",+91-09327353350 
MADHUR ENTERPRISES,"Delhi,  Delhi ",+91-011-22076667 
MADHUMATI GARMENTS,"Delhi,  Delhi ",+91-9891154748 
MADHUBAN GARMENTS,"Delhi,  Delhi ",+91-9810165340 
M/S. RAJ KUMAR & SONS (ROHTAK WALE),"Delhi,  Delhi ",+91-9253026400 
M/S. HUKMICHAND & GRANDSON,"Gurgaon,  Haryana ",+91-0124-4222177 
M/S J.B. (OSWAL) GARMENTS,"Delhi,  Delhi ",+91-9711111974 
 M/S GEE DEE SONS,"Delhi,  Delhi ",+91-9818240530 
M.S. JEANS,"Delhi,  Delhi ",+91-9810934865 
M.M. WEAR,"Delhi,  Delhi ",+91-9811432743 
M.M. LAL & SONS,"Delhi,  Delhi ",+91-9910628407 
M./S. R.R. DENIM CLUB,"Bangalore,  Karnataka ",+91-9449252033 
LOVIKA TRADING COMPANY,"Delhi,  Delhi ",+91-9999437498 
LOUIS PHILIPPE YOUNG,"Delhi,  Delhi ",+91-011-43583740 
LONDON FIT & FINE,"Delhi,  Delhi ",+91-9311437768 
LEE-CHEE EXTENSIOON,"Secunderabad,  Telangana ",+91-040-66380011 
KODE DESINGER LAB,"Delhi,  Delhi ",+91-9811619533 
KIDS GARMENTS,"Delhi,  Delhi ",+91-9868340905 
KHURANA GARMENTS,"Delhi,  Delhi ",+91-9818330539 
KATHURIA GARMENTS,"Delhi,  Delhi ",+91-011-22075187 
KARNIKA GARMENTS (B'CONCEPT JEANS),"Delhi,  Delhi ",+91-011-22081125 
KARAN NASIR,"Delhi,  Delhi ",+91-9810115631 
KAPOOR JI FASHION,"Delhi,  Delhi ",+91-9310413647 
KANCHAN FABRICS,"Pune,  Maharashtra ",+91-020-24456273 
KANAK CREATION,"Ahmedabad,  Gujarat ",+91-079-22164379 
KAMAL GARMENTS,"Ahmedabad,  Gujarat ",+91-09925065880 
K. LORDS CREATION,"Ahmedabad,  Gujarat ",+91-9998064905 
KALA MANDIR NX,"Ahmedabad,  Gujarat ",+91-9427048478 
JYOTI INTERNATIONAL,"Kolkata,  West Bengal ",+91-9051899995 
JINENDRA GARMENTS,"Delhi,  Delhi ",+91-9873153040 
JAYNA INDUSTRIES,"Delhi,  Delhi ",+91-9899262571 
JAY GARMENTS   ( R.L. Jajoo ),"Ahmedabad,  Gujarat ",+91-9375609579 
JASMINE FASHION,"Delhi,  Delhi ",+91-9810375755 
JAIN TEXTILES,"Ahmedabad,  Gujarat ",+91-9879030188 
JAGAT SINGH KWATRA & SONS,"Delhi,  Delhi ",+91-65351662 
J.P. JAIN PANT CENTRE,"Delhi,  Delhi ",+91-9810109838 
J.M. CREATION,"Mumbai,  Maharashtra ",+91-0251-2210374 
J.M. COLLECTION,"Delhi,  Delhi ",+91-9810740306 
J.K. COLLECTION,"Delhi,  Delhi ",+91-9891392870 
INNER CIRCLE,"Delhi,  Delhi ",+91-011-66628676 
IMPRESS JEANS (AMAN GARMENTS),"Delhi,  Delhi ",+91-9811076326 
HY  FASHION,"Delhi,  Delhi ",+91-9810423033 
HONESTY GARMENTS,"Delhi,  Delhi ",+91-9971030316 
HASTKALA HERITAGE,"Pune,  Maharashtra ",+91-020-24483569 
HARIOM FASHION,"Ahmedabad,  Gujarat ",+91-9328671013 
HARDY JEANS  (Royal Fashion Lab),"Ahmedabad,  Gujarat ",+91-9898986929 
HAPPENING,"Delhi,  Delhi ",+91-9873333728 
HANSRAJ,"Delhi,  Delhi ",+91-9810041226 
GV APPARELS PVT. LTD.,"Delhi,  Delhi ",+91-9811115275 
GURPREET EXPORTS & IMPORTERS,"Delhi,  Delhi ",+91-9910709373 
GUPTA KHADI & HANDLOOMS,"Bangalore,  Karnataka ",+91-9845671515 
GUPTA JEANS,"Delhi,  Delhi ",+91-9212711141 
GOLDEN GARMENT,"Mumbai,  Maharashtra ",+91-9820334252 
GOLDEN OVERSEAS,"Delhi,  Delhi ",+91-9811056755 
GLAMOUR FABRICS,"Mumbai,  Maharashtra ",+91-22843420 
GARMENT HOUSE,"Bangalore,  Karnataka ",+91-080-22873569 
GEE DEE FASHION,"Delhi,  Delhi ",+91-9871809070 
 GARMENT DIVISION,"Delhi,  Delhi ",+91-9810147979 
GARG GARMENTS PVT. LTD.,"Delhi,  Delhi ",+91-9811457070 
GARG FABRICO,"Delhi,  Delhi ",+91-9818243104 
FOREVER (FOR GENERATION),"Mumbai,  Maharashtra ",+91-9619604001 
FLEX JEANS,"Delhi,  Delhi ",+91-9350042150 
FASHION GARMENTS,"Pune,  Maharashtra ",+91-020-24452486 
FASHION AVENUE,"Pune,  Maharashtra ",+91-020-24459676 
 EXPRESSIONS THE DESIGNER COLLECTION,"Delhi,  Delhi ",+91-9810375755 
EMPIRE COLLECTION,"Tinsukia,  Assam ",+91-0374-2338144 
EMKAY SETHIA FASHION FABRICS,"Ahmedabad,  Gujarat ",+91-9227208800 
DONER JEANS,"Delhi,  Delhi ",+91-011-41797859 
DIVYA APPARELS,"Ahmedabad,  Gujarat ",+91-079-25502741 
DIAMONDS APPAREL,"Delhi,  Delhi ",+91-011-22071157 
DHEERAJ GARMENTS,"Delhi,  Delhi ",+91-9818387661 
DEV KUMAR ASHOK KUMAR & CO.,"Delhi,  Delhi ",+91-9310136021 
 D.K. TRADERS,"Delhi,  Delhi ",+91-9999416868 
CHOICE MAN WEDDING MEN'S WEAR,"Delhi,  Delhi ",+91-9990090234 
CHOICE APPARELS,"Ahmedabad,  Gujarat ",+91-9723244715 
CARLO SHIRTS,"Delhi,  Delhi ",+91-9811501461 
CEEBRITY FASHIONRE-STRONG JEANS,"Delhi,  Delhi ",+91-9810342626 
BULBUL GARMENTS,"Delhi,  Delhi ",+91-9910537081 
 BULBUL DRESSES,"Delhi,  Delhi ",+91-9810165927 
BITTOO JEANS,"Delhi,  Delhi ",+91-9212736625 
BIRA GARMENTS,"Delhi,  Delhi ",+91-9212720750 
BHUMI ENTERPRISE,"Ahmedabad,  Gujarat ",+91-9825259998 
BHAVANI GARMENTS,"Ahmedabad,  Gujarat ",+91-9427052723 
JANATA KHADI BHANDAR,"Pune,  Maharashtra ",+91-9822245664 
INFINITY APPARELS,"Delhi,  Delhi ",+91-9212613042 
JAG VALLABH ENTERPRISES,"Delhi,  Delhi ",+91-9810024066 
JAGDISH STORE,"Delhi,  Delhi ",+91-09810888919 
JINDAL BROTHERS,"Delhi,  Delhi ",+91-9810393805 
 J.M. Collection,"Delhi,  Delhi ",+91-no 
HI FASHION MEN'S,"Hyderabad,  Telangana ",+91-9849090444 
HARSHA ENTERPRISE,"Ahmedabad,  Gujarat ",+91-079-30248248 
GANGA OVERSEAS PVT. LTD.,"Tinsukia,  Assam ",+91-0374-9435257503 
HACKMAN ENTERPRISES,"Delhi,  Delhi ",+91-9350033555 
FIRST LADY,"Nashik,  Maharashtra ",+91-9850944199 
FASHION WORLD,"Delhi,  Delhi ",+91-9999096012 
FASHION FAIR,"Siliguri,  West Bengal ",+91-9832042370 
FASHION EMPORIUM,"Delhi,  Delhi ",+91-9899657996 
DOUBLE DIAMOND,"Delhi,  Delhi ",+91-9810009950 
DEE DEE CREATION,"Delhi,  Delhi ",+91-9873354399 
COUTONS INDIA,"Delhi,  Delhi ",+91-9310129777 
COTTON PLUS,"Delhi,  Delhi ",+91-9717375544 
C.SON’S CHHARIA,"Delhi,  Delhi ",+91-9810145200 
CABRIDGE READYMADES,"Mumbai,  Maharashtra ",+91-911-2207373 
CHANDAN CREATION,"Delhi,  Delhi ",+91-9810964881 
BOSS CLUB®,"Delhi,  Delhi ",+91-9810412453 
BISMA INTERNATIONAL JEANS,"Delhi,  Delhi ",+91-09213923751 
DELHI TRADERS,"Delhi,  Delhi ",+91-9899023957 
B. L. GAURAV & CO.,"Delhi,  Delhi ",+91-011-22070339 
BOMBAY SELECTIONS (PVT. LTD.),"Delhi,  Delhi ",+91-011-42502525 
BALAJEE TRADERS,"Delhi,  Delhi ",+91-9818444834 
ARL LADIES SHIRTS (B.B. FAB),"Delhi,  Delhi ",+91-9312626949 
APPU CREATIONS,"Delhi,  Delhi ",+91-9911667280 
B.S. Falwaria Clothing Co.,"Delhi,  Delhi ",+91-9899004151 
AASHAPURI GARMENTS,"Ahmedabad,  Gujarat ",+91-079-25500887 
SUNIL TRADING COMPANY,"Bangalore,  Karnataka ",+91-9448296272 
PIRATES OF GRILL,"Delhi,  Delhi ",+91-011-45034444 
WADHWA CANVAS STORE,"Delhi,  Delhi ",+91-9810036049 
AGGARWAL DRESSES,"Delhi,  Delhi ",+91-9891026444 
YOUNG COLLECTION,"Delhi,  Delhi ",+91-9810298879 
YORKERS,"Kolkata,  West Bengal ",+91-033-22522938 
WOW COLLECTION,"Mumbai,  Maharashtra ",+91-9821287631 
WORLD SAHAB,"Delhi,  Delhi ",+91-011-22072213 
VOLGA READYMADE GARMENTS,"Delhi,  Delhi ",+91-41725060 
VIPIN COLLECTIONS,"Delhi,  Delhi ",+91-9818777544 
VENUS COLLECTION,"Pune,  Maharashtra ",+91-020-24458236 
VARDHMAN GARMENTS,"Delhi,  Delhi ",+91-011-64503652 
VALLABH TEXTILES,"Delhi,  Delhi ",+91-9810262651 
UDAAYA FASHIONS,"Bangalore,  Karnataka ",+91-9449669376 
TIP TOP DRESSES,"Pune,  Maharashtra ",+91-020-24455711 
TINKU'S JEANS CO.,"Delhi,  Delhi ",+91-9818361696 
TEN WAVE JEANS,"Delhi,  Delhi ",+91-9818088128 
SUPER KIDS WEAR,"Ahmedabad,  Gujarat ",+91-9925515225 
SUBH LAXMI PRINTS PVT. LTD.,"Delhi,  Delhi ",+91-9810380535 
SPINNER JEANS NOMEE JEANS,"Delhi,  Delhi ",+91-9871117175 
SONI AGENCIES,"Ahmedabad,  Gujarat ",+91-9825607922 
SMILE ENTERPRISE,"Ahmedabad,  Gujarat ",+91-98254-48413 
SLIM GIRL,"Delhi,  Delhi ",+91-9999941111 
SKYLINE TRADELINKS,"Pune,  Maharashtra ",+91-9822448897 
SHUBHAM KIDS CORNER,"Pune,  Maharashtra ",+91-020-24454134 
SHREE NEELKANTH (OM),"Ahmedabad,  Gujarat ",+91-9274220990 
SHRI AADINATH GARMENTS,"Delhi,  Delhi ",+91-9953744445 
SHINGAAR EXCLUSIVE WEARS,"Delhi,  Delhi ",+91-9999737492 
SEEMA GARMENTS,"Delhi,  Delhi ",+91-9313119044 
SANSAR FASHION,"Delhi,  Delhi ",+91-9811693201 
SANJAY EXPORT CO.,"Delhi,  Delhi ",+91-9810036922 
S.S. SUPER JEANS,"Delhi,  Delhi ",+91-9810424015 
SSPIL RETAIL LTD.,"Delhi,  Delhi ",+91-9312806302 
S.N.S. GARMENTS,"Delhi,  Delhi ",+91-9810041226 
S.M. & SONS,"Delhi,  Delhi ",+91-9811021036 
S.KUMAR COLLECTION KASHMIR WALA,"Siliguri,  West Bengal ",+91-9233469601 
S. MUSKAAN,"Ahmedabad,  Gujarat ",+91-079-30269990 
RISHABH GARMENTS,"Delhi,  Delhi ",+91-9971675456 
RICHLOOK FASHION WORLD,"Delhi,  Delhi ",+91-011-25887688 
RAJU JACKET,"Delhi,  Delhi ",+91-9211434360 
RAJSHREE COLLECTIONS,"Bangalore,  Karnataka ",+91-9448002724 
R.C. JAIN HOSIERY,"Delhi,  Delhi ",+91-9899218193 
Q.S.S. ENTERPRISES (Zonic),"Delhi,  Delhi ",+91-9891504886 
PUNJABI TAILORS & DRAPERS,"Delhi,  Delhi ",+91-9015930472 
PUJA GARMENTS,"Delhi,  Delhi ",+91-9810260301 
PRUTONSZ CREATION,"Delhi,  Delhi ",+91-3299328 
PROVA TEXTILES,"Siliguri,  West Bengal ",+91-0353-2435796 
PRIYANKA FASHION,"Ahmedabad,  Gujarat ",+91-09377779832 
PRIYANKA APPARELS  MILANO FASHIONS,"Bangalore,  Karnataka ",+91-9342848977 
PREM CHAND BABU LAL,"Delhi,  Delhi ",+91-9313087691 
PRATIBHA ENTERPRISE,"Ahmedabad,  Gujarat ",+91-079-25502261 
PRATHMA CREATION,"Ahmedabad,  Gujarat ",+91-079-30248456 
PRATAP SONS,"Delhi,  Delhi ",+91-9810822294 
POONAM SELECTION,"Pune,  Maharashtra ",+91-9422310657 
POONAM GARMENTS,"Delhi,  Delhi ",+91-9810192872 
POONAM CREATIONS,"Delhi,  Delhi ",+91-011-43056000 
POOJA COLLECTION,"Pune,  Maharashtra ",+91-9850269946 
PARDEEP TRADERS,"Delhi,  Delhi ",+91-9811202720 
P.K. ® GARMENTS,"Delhi,  Delhi ",+91-9811035369 
P. JAYANTILAL BROS.,"Mumbai,  Maharashtra ",+91-982005329 
ORPORATION,"Delhi,  Delhi ",+91-9810029118 
NISHA GARMENTS,"Delhi,  Delhi ",+91-9891226229 
NICKY ENTERPRISE  R.S. ENTERPRISES,"Ahmedabad,  Gujarat ",+91-9825299118 
NEZONE AGENCIES PVT. LTD.,"Delhi,  Delhi ",+91-9717302507 
NEW SRI RAM GARMENTS,"Delhi,  Delhi ",+91-9310033700 
 NEW SAHIL JEANS,"Delhi,  Delhi ",+91-9811373249 
NEW GRAND BOX,"Delhi,  Delhi ",+91-011-29814821 
NEW DUA GARMENTS,"Delhi,  Delhi ",+91-9999934000 
NEERU FASHION,"Delhi,  Delhi ",+91-9310780033 
EVEREST9,"Delhi,  Delhi ",+91-7982677843 
EKASMAYE,"Delhi,  Delhi ",+91-9958855344 
EDIT JEANS,"Delhi,  Delhi ",+91-8376977810 
D-STYLE JEANS,"Delhi,  Delhi ",+91-9315326717 
BIG BULL RMB,"Delhi,  Delhi ",+91-9315774937 
ANNA DENIM,"Delhi,  Delhi ",+91-9871500123 
ABILITY JEANS CO.,"Delhi,  Delhi ",+91-9582763764 
SHIV OM SHAKTI GARMENTS,"Delhi,  Delhi ",+91-9999059778 
(EMKAY) JIRAWALA  TEXTILES PVT. LTD.,"Ahmedabad,  Gujarat ",+91-9375067555 
( EMKAY ) MAGRAJ KANTILAL  FAB PVT. LTD.,"Ahmedabad,  Gujarat ",+91-9328233997 
VAIBHAV TRADING CO.,"Mumbai,  Maharashtra ",+91-9820231871 
(SNT)  S.N. AMRATLAL & CO.  AMRUT TEXTILE CO.,"Mumbai,  Maharashtra ",+91-9892938080 
MAHENDRAKUMAR KHIMCHAND & SONS,"Mumbai,  Maharashtra ",+91-9322885595 
KLOTH CORPORATION,"Mumbai,  Maharashtra ",+91-022-32925374 
FURNISHING INDIA,"Mumbai,  Maharashtra ",+91-022-66194018 
VAIBHAV CREATION,"Mumbai,  Maharashtra ",+91-9323615638 
SURAJ ENTERPRISE RASHI ENTERPRISES,"Mumbai,  Maharashtra ",+91-9820047301 
RAMKRISHNA (JHANWAR) GROUP,"Mumbai,  Maharashtra ",+91-09323280808 
PIONEER ENTERPRISE,"Mumbai,  Maharashtra ",+91-9820172111 
OMKAR FABRIC NX,"Mumbai,  Maharashtra ",+91-9320737783 
MAHALAXMI COLLECTION,"Mumbai,  Maharashtra ",+91-09819009606 
KINFAB,"Mumbai,  Maharashtra ",+91-9324409495 
KALAWATI EMBROIDERIES PVT. LTD.,"Mumbai,  Maharashtra ",+91-9324255441 
K. D. FAB,"Mumbai,  Maharashtra ",+91-9833411184 
JIVANDAS & SONS,"Mumbai,  Maharashtra ",+91-9820478920 
HARKISHANDAS MEGHJIBHAI & CO.,"Mumbai,  Maharashtra ",+91-9322139594 
GULABCHAND  &  COMPANY LADHANI  ENTERPRISES,"Mumbai,  Maharashtra ",+91-09322140995 
G. R. FASHION PVT. LTD.,"Mumbai,  Maharashtra ",+91-22410753 
DINESH TEXTILES,"Mumbai,  Maharashtra ",+91-022-22403004 
DHAN FAB,"Mumbai,  Maharashtra ",+91-9881422283 
DECOTT FASHIONS,"Mumbai,  Maharashtra ",+91-9920236702 
BHUPENDRAKUMAR & BROS.,"Mumbai,  Maharashtra ",+91-022-22401846 
BHAVAYA TEXTILES,"Mumbai,  Maharashtra ",+91-9320440072 
B. PRATAPRAI & CO. S.K.H. ENTERPRISE,"Mumbai,  Maharashtra ",+91-022-22414793 
VINNER MEN'S WEAR,"Delhi,  Delhi ",+91-9911118786 
CHARVI CHARISMA OF All Kinds Of  WOMAN,"Pune,  Maharashtra ",+91-9923336553 
B.T.C. GARMENTS		,"Ahmedabad,  Gujarat ",+91-9824394594 
   M.S. ENTERPRISES,"Hyderabad,  Telangana ",+91-98663-49879 
JAI GURUDEV FABRICS,"Surat,  Gujarat ",+91-9328273434 
B. ANAND & CO.,"Delhi,  Delhi ",+91-9910058905 
BHILOSA INDUSTRIES / MEGHAJI & CO.,"Mumbai,  Maharashtra ",+91-9833148868 
YES GARMENTS,"Delhi,  Delhi ",+91-9811083232 
WOW JEANS,"Delhi,  Delhi ",+91-011-23340771 
VIPIN DRESSES,"Delhi,  Delhi ",+91-9811136939 
VARSHA,"Mumbai,  Maharashtra ",+91-95251-2213537 
VIKAS COLLECTIONS,"Delhi,  Delhi ",+91-9873088568 
VILLA  APPERANCE,"Delhi,  Delhi ",+91-011-4167712 
V.V. JEANS COMPANY,"Delhi,  Delhi ",+91-9810432748 
TOP STYLE FASHIONS,"Delhi,  Delhi ",+91-011-22076830 
TALWAR JEANS,"Delhi,  Delhi ",+91-9311982909 
SNEHA COLLECTION,"Delhi,  Delhi ",+91-9810363213 
SUMIT HOSIERY,"Delhi,  Delhi ",+91-9899603600 
SOMANI BROS,"Delhi,  Delhi ",+91-9999610741 
TANSHI OUTFITS,"Delhi,  Delhi ",+91-9971098520 
  SWAMI GARMENTS,"Delhi,  Delhi ",+91-09990288088 
 SWAMI GARMENTS,"Delhi,  Delhi ",+91-9811559200 
SONALI TOPS,"Nashik,  Maharashtra ",+91-9325660262 
SOMANI BROTHERS,"Delhi,  Delhi ",+91-9999610741 
SNEH MILAN,"Surat,  Gujarat ",+91-9327741888 
STYLE SURPRICE,"Delhi,  Delhi ",+91-9810419711 
SHIVKRUPA GARMENTS,"Ahmedabad,  Gujarat ",+91-079-30248572 
SAUBHAGYA COLLECTION,"Delhi,  Delhi ",+91-9899002017 
SATKAR JEANS,"Delhi,  Delhi ",+91-011-23365719 
SANJAY GARMENTS,"Mathura,  Uttar Pradesh ",+91-0941-22880305 
SHAH UTTAMCHAND NEMICHAND  ROHAN FABRICS,"Ahmedabad,  Gujarat ",+91-9426064471 
SHOPPERS PLANET,"Delhi,  Delhi ",+91-+91-11-25884433 
SANGITA CREATIONS,"Delhi,  Delhi ",+91-9811655022 
Sakshi Garments,"Delhi,  Delhi ",+91-9818150814 
ROYAL GARMENTS,"Mumbai,  Maharashtra ",+91-9923901210 
ROOPALI TRADERS,"Delhi,  Delhi ",+91-011-22071865 
ROOPALI KNITS,"Delhi,  Delhi ",+91-9811445615 
R.A. ® JEANS,"Ahmedabad,  Gujarat ",+91-079-30223670 
RANGERS,"Delhi,  Delhi ",+91-9250853338 
RAKESH GARMENTS,"Delhi,  Delhi ",+91-9999689292 
RAJESH BROS BROTHERS,"Delhi,  Delhi ",+91-9891110187 
PARIDHI ENTERPRISES,"Delhi,  Delhi ",+91-9810117069 
RAJESH GARMENTS,"Delhi,  Delhi ",+91-22072620 
PRATHAM HOSIERY,"Delhi,  Delhi ",+91-9350525242 
PARDEEP HOSIERY,"Delhi,  Delhi ",+91-9818811207 
OM DRESSES,"Ahmedabad,  Gujarat ",+91-079-30248147 
NAGPAL CREATIONS,"Delhi,  Delhi ",+91-9811339399 
NEW RAHMAN STORES,"Kolkata,  West Bengal ",+91-98313-55953 
NATWARLAL & CO.,"Mumbai,  Maharashtra ",+91-022 - 22415894 
NIZAMI GARMENTS,"Delhi,  Delhi ",+91-9999929592 
NAVGUN FASHIONS,"Delhi,  Delhi ",+91-099996-58058 
MOSHINO CLOTHING COMPANY,"Delhi,  Delhi ",+91-no 
MORNI BOUTIQUE,"Pune,  Maharashtra ",+91-020-24451057 
M.V. FASHION MAKERS,"Delhi,  Delhi ",+91-+91-9810369064 
MAGS COLLECTION,"Delhi,  Delhi ",+91-9818722426 
MAHESH KUMAR & CO.  MANISH KUMAR & BROS,"Mumbai,  Maharashtra ",+91-022- 22425959 
M/S. DEVICHAND KHIMCHAND RANKA,"Ahmedabad,  Gujarat ",+91-9327011900 
M.R. JEANS CENTRE,"Delhi,  Delhi ",+91-+91-9717794175 
M.T.C. COLLECTIONS,"Delhi,  Delhi ",+91-9999055459 
KRISHNA SYNTHETICS,"Delhi,  Delhi ",+91-9811154784 
LUKES,"Siliguri,  West Bengal ",+91-+91-9474378898 
KRISHNA FASHION,"Nashik,  Maharashtra ",+91-2311918+ 
KABEERS (WOMA),"Kolkata,  West Bengal ",+91-22522091 
LUCKY TRADER’S,"Delhi,  Delhi ",+91-9818831610 
KAL PNA GARMENT,"Delhi,  Delhi ",+91-9899191451 
KALKA OVERSEAS,"Ahmedabad,  Gujarat ",+91-9377701918 
MANNAT COLLECTION,"Chennai,  Tamil Nadu ",+91-9677169658 
EL-KAY BROS,"Delhi,  Delhi ",+91-9718528719 
NANDINI TEXTILES,"Chennai,  Tamil Nadu ",+91-09381828095 
 FASHION  WORLD,"Chennai,  Tamil Nadu ",+91-9382342366 
ADINATH FASHION,"Surat,  Gujarat ",+91-0261-3116886 
VIKRAM INTERNATIONAL,"Surat,  Gujarat ",+91-0261-2324630 
FASHION ORBIT APPLARELS INDIA PVT.LTD.,"Mumbai,  Maharashtra ",+91-022-23887373 
HARE KRISHNA,"Mumbai,  Maharashtra ",+91-9819991907 
SHUBH LABH,"Mumbai,  Maharashtra ",+91-9969722625 
BHOOMICA,"Mumbai,  Maharashtra ",+91-99676 82266 
HARI OM,"Mumbai,  Maharashtra ",+91-9821782669 
 SHIV  GARMENTS,"Mumbai,  Maharashtra ",+91-9324351727 
GREP,"Mumbai,  Maharashtra ",+91-9833009484 
Saburi LADIES WEAR,"Mumbai,  Maharashtra ",+91-9324712897 
Imagine,"Mumbai,  Maharashtra ",+91-9892018969 
BUY N BUY,"Mumbai,  Maharashtra ",+91-9821018663 
SHREE LAXMI,"Mumbai,  Maharashtra ",+91-9820278811 
WHITE HOUSE ENTERPRISES,"Mumbai,  Maharashtra ",+91-9324165950 
DEEPAK TRADING CO.,"Mumbai,  Maharashtra ",+91-9322260026 
POSH READYMADE GARMENTS,"Mumbai,  Maharashtra ",+91-2605 7259 
SHREE NATHJI,"Mumbai,  Maharashtra ",+91-98205 59526 
YES MEN’S WEAR,"Mumbai,  Maharashtra ",+91-98192 91025 
KRISHNA FASHION WORLD,"Mumbai,  Maharashtra ",+91-9867931694 
ANGEL,"Mumbai,  Maharashtra ",+91-9867772737 
STEP KIDSWEAR,"Mumbai,  Maharashtra ",+91-022-26001536 
BANSRI,"Mumbai,  Maharashtra ",+91-9833992198 
ROCKSTAR,"Mumbai,  Maharashtra ",+91-9619470464 
SHUBHAM,"Mumbai,  Maharashtra ",+91-9867312165 
ICE STONE,"Mumbai,  Maharashtra ",+91-9619994338 
SHRI ODHAY CREATION,"Mumbai,  Maharashtra ",+91-9323779040 
SAI,"Mumbai,  Maharashtra ",+91-9870082011 
JANKI,"Mumbai,  Maharashtra ",+91-9833685430 
NAND BOUTIQUE,"Mumbai,  Maharashtra ",+91-99204 29120 
MIHKA,"Mumbai,  Maharashtra ",+91-9820495659 
BRAHMANI,"Mumbai,  Maharashtra ",+91-9820243454 
MAHALAXMI LADIES WEAR,"Mumbai,  Maharashtra ",+91-9892974267 
 LONGWAY,"Mumbai,  Maharashtra ",+91-97698 13536 
LADA COLLECTION,"Mumbai,  Maharashtra ",+91-9867510080 
PARSHWA,"Mumbai,  Maharashtra ",+91-9820484930 
SUKANYA JIGNA ENYERPRISES,"Mumbai,  Maharashtra ",+91-9821355102 
N. M. BOUTIQUE LADIES WEAR,"Mumbai,  Maharashtra ",+91-9987925525 
PRESENT LADY,"Mumbai,  Maharashtra ",+91-09821551512 
ADAA,"Mumbai,  Maharashtra ",+91-022-24333568 
SIONA FASHION,"Mumbai,  Maharashtra ",+91-022- 30729871 
SHRI NATHJI,"Mumbai,  Maharashtra ",+91-022- 2604 3219 
CHAVUNDA FSHION,"Mumbai,  Maharashtra ",+91-9702355157 
SEQUINS,"Mumbai,  Maharashtra ",+91-9820305655 
JINAL FASHION,"Mumbai,  Maharashtra ",+91-9322225404 
OM,"Mumbai,  Maharashtra ",+91-022- 2604 3362 
KOLLINS JEANS EXCELWEAR,"Mumbai,  Maharashtra ",+91-9820031543 
REEM,"Mumbai,  Maharashtra ",+91-022- 2421 2058 
SHIVKRUPA GARMENT,"Mumbai,  Maharashtra ",+91-9324645354 
SMILE APPARELS,"Mumbai,  Maharashtra ",+91-9323899481 
M.A. Agencies,"Mumbai,  Maharashtra ",+91-9323004301 
SWARAJ,"Mumbai,  Maharashtra ",+91-8097322261 
 KAPOOR TRADERS,"Mumbai,  Maharashtra ",+91-77383 44400 
AIDELE JEANS,"Mumbai,  Maharashtra ",+91-9869391937 
50 ML SHIRTS,"Mumbai,  Maharashtra ",+91-9821792226 
VASHUDEV,"Mumbai,  Maharashtra ",+91-9821884618 
METAL FASHION,"Mumbai,  Maharashtra ",+91-98671 08998 
ZANOSH,"Mumbai,  Maharashtra ",+91-98671 08998 
K9,"Mumbai,  Maharashtra ",+91-98203-87487 
CODEX CLOTHING CO.,"Mumbai,  Maharashtra ",+91-022- 66633902 
SAHILA CREATIONS,"Mumbai,  Maharashtra ",+91-9833116665 
NEELAM GARMENTS Ruby Garments,"Mumbai,  Maharashtra ",+91-9821152779 
TOKEN,"Mumbai,  Maharashtra ",+91-022- 26461231 
MANDOT IMPEX,"Mumbai,  Maharashtra ",+91-9867160137 
PARAMPARA ETHNIC WEAR,"Mumbai,  Maharashtra ",+91-9664595459 
RIDDHI SIDDHI GIRLS WEAR,"Mumbai,  Maharashtra ",+91-09892879559 
CULTUREX FASHION GALLERY,"Mumbai,  Maharashtra ",+91-9833186604 
NEW PATEL BROTHERS,"Mumbai,  Maharashtra ",+91-09833764576 
DIVYA DARSHAN,"Mumbai,  Maharashtra ",+91-09323053466 
MAROON,"Mumbai,  Maharashtra ",+91-09820586300 
SANSKAR,"Mumbai,  Maharashtra ",+91-9322289084 
PURVI ENTERPRISE,"Mumbai,  Maharashtra ",+91-9322868949 
CLOUT INTERNATIONAL,"Mumbai,  Maharashtra ",+91-24361668 
SEVEN AGGLES,"Mumbai,  Maharashtra ",+91-9920010989 
K.D. CORPORATION,"Mumbai,  Maharashtra ",+91-9619082456 
TOM BRONE JEANS,"Delhi,  Delhi ",+91-9810735283 
SND ENTERPRISES,"Delhi,  Delhi ",+91-9810022476 
S. ELEVEN,"Delhi,  Delhi ",+91-9891172898 
SUPREME COLLECTION’S,"Delhi,  Delhi ",+91-8860704747 
SWAG CLUB BY SL APPERELS,"Delhi,  Delhi ",+91-9818314571 
SEVEN JEANS (SAI CREATIONS),"Delhi,  Delhi ",+91-9999393986 
SATYAM BOUTIQUE,"Ghaziabad,  Uttar Pradesh ",+91-9560163778 
SAI KIRPA BY RAVI RAJAN,"Delhi,  Delhi ",+91-9855090263 
RK JEANS (SHRI SHANTINATH TEXTILES),"Delhi,  Delhi ",+91-9810480350 
RAJA BHAI Mr. XXX (R) Shirts,"Delhi,  Delhi ",+91-9810653651 
POOJA COLLECTION (JP SHIRTS),"Delhi,  Delhi ",+91-9718074156 
OSLO JEANS,"Delhi,  Delhi ",+91-9560948232 
MAS ENTERPRISES,"Delhi,  Delhi ",+91-9911444776 
HOT & HANDSOME,"Delhi,  Delhi ",+91-9375645450 
HIMALYA OVERSEAS,"Delhi,  Delhi ",+91-9650322496 
HELLO-G A CLOTHING BRAND,"Delhi,  Delhi ",+91-9311982397 
HAVIT,"Delhi,  Delhi ",+91-9667421565 
GUNPOWER JEANS UPX1 JEANS,"Delhi,  Delhi ",+91-9045380000 
GUNPOINT JEANS,"Delhi,  Delhi ",+91-9990337145 
FLYING RIDER JEANS,"Delhi,  Delhi ",+91-8826265710 
FLOGUS JEANS,"Delhi,  Delhi ",+91-9810989799 
FASTRACK,"Delhi,  Delhi ",+91-9811375804 
KASHISH FASHION,"Delhi,  Delhi ",+91-8979672228 
ZEN TRADERS,"Delhi,  Delhi ",+91-9582767689 
SELFEE-7 BOY’Z KIDS WEAR,"Delhi,  Delhi ",+91-9910220490 
IN-PLAY COTTON JEANS,"Delhi,  Delhi ",+91-9560688807 
HARSHIT GARMENT,"Delhi,  Delhi ",+91-9818161135 
AKSHAY APPARELS,"Delhi,  Delhi ",+91-9999517670 
MAYANK COLLECTION,"Delhi,  Delhi ",+91-9354057744 
BO-BEE HOSIERY PVT. LTD.,"Delhi,  Delhi ",+91-22079857 
VIJAY VALLABH TRADERS,"Delhi,  Delhi ",+91-8178248444 
S.S. GARMENTS (IN-JUST),"Delhi,  Delhi ",+91-9278340610 
HARISH FABRICS,"Delhi,  Delhi ",+91-44758021 
GOEL HOSIERY,"Delhi,  Delhi ",+91-9625613064 
OMKAR TEXTILES,"Delhi,  Delhi ",+91-9999808723 
BOTTOM UP JEANS,"Delhi,  Delhi ",+91-9540339033 
HIMANSHU GARMENTS,"Delhi,  Delhi ",+91-8285429888 
M/S GARG FANCY WEAR,"Delhi,  Delhi ",+91-9811072091 
3’ CONCEPT ACTIVE WEAR,"Delhi,  Delhi ",+91-9810313380 
SIDHANT FASHION & SCARPY SHIRTS,"Delhi,  Delhi ",+91-9810330957 
MR. RIGHT BY : SLY GARMENTS,"Delhi,  Delhi ",+91-9555118070 
KARAN TRADERS,"Delhi,  Delhi ",+91-9650067479 
REXEL JEANS WEAR,"Delhi,  Delhi ",+91-9958087591 
BHAI BHAI DRESSES,"Delhi,  Delhi ",+91-41314121 
MAA LAXMI GARMENTS,"Delhi,  Delhi ",+91-9810120165 
M/S SINGHAL INDUSTRIES,"Delhi,  Delhi ",+91-9818079410 
BIG BROTHER DESIGNER PVT. LTD.,"Delhi,  Delhi ",+91-9811011108 
NATURAL’S MEGA MART,"Delhi,  Delhi ",+91-9312475034 
SANJAM CREATION,"Delhi,  Delhi ",+91-61361960 
SHRI GIRIRAJJI ENTERPRISES (FLUTE ® DAMN FITT),"Delhi,  Delhi ",+91-9810108189 
M/S SHRI VASU MANUFACTURING CO.,"Delhi,  Delhi ",+91-41635442 
JAI JINENDRA RUBIA HOUSE,"Delhi,  Delhi ",+91-9811860411 
M/S BALAJI FASHION,"Delhi,  Delhi ",+91-9811280800 
SARTHAK GARMENT,"Delhi,  Delhi ",+91-6395477134 
MANAN ENTERPRISES,"Delhi,  Delhi ",+91-9899277588 
AMBER SILK MILLS,"Delhi,  Delhi ",+91-9811499301 
JAYNA GARMENTS,"Delhi,  Delhi ",+91-9711046966 
ADN ENTERPRISES,"Delhi,  Delhi ",+91-7402020003 
M/S RAJDHANI SALES,"Delhi,  Delhi ",+91-9811844777 
M/S VARDHMAN GARMENTS,"Delhi,  Delhi ",+91-9312404334 
AASHIRWAD GARMENTS,"Delhi,  Delhi ",+91-9810909115 
LITTLE CHAMPS,"Delhi,  Delhi ",+91-7011866167 
P.M. ENTERPRISES,"Delhi,  Delhi ",+91-22076219 
FASHION BLOOM BY AMIT TRADERS,"Delhi,  Delhi ",+91-9811843088 
ANAND FASHION WEARS,"Delhi,  Delhi ",+91-9811398529 
AHANA TRADERS,"Delhi,  Delhi ",+91-9780258658 
 ANNA DENIM,"Delhi,  Delhi ",+91-9871719879 
AJS FASHION,"Delhi,  Delhi ",+91-9811614457 
GARG TRENDZ,"Delhi,  Delhi ",+91-9999179815 
KAUSHIK GARMENTS,"Delhi,  Delhi ",+91-9582622630 
PARIS FASHIONS,"Delhi,  Delhi ",+91-9999252195 
MAA GORI GARMENTS,"Delhi,  Delhi ",+91-9312408507 
TIWARI HOSIERY,"Delhi,  Delhi ",+91-8860783885 
SAMAKSH SHIKHA PVT. LTD.,"Delhi,  Delhi ",+91-9999113713 
ADICTION (RIG FASHION WEAR),"Delhi,  Delhi ",+91-9811410080 
GANGWAR,"Delhi,  Delhi ",+91-41084626 
PEHENAWA,"Delhi,  Delhi ",+91-8700920059 
BLACK WATER,"Delhi,  Delhi ",+91-7838854541 
TURN OFF,"Delhi,  Delhi ",+91-9810419952 
PURANI JEANS,"Delhi,  Delhi ",+91-9582995595 
AS CLOTHING,"Delhi,  Delhi ",+91-9773954427 
J. COLLINS JEANS WEAR,"Delhi,  Delhi ",+91-8700130090 
FOX JEANS / D.S. GARMENTS,"Delhi,  Delhi ",+91-7042044930 
JUST ROCK,"Delhi,  Delhi ",+91-8178499685 
LA TURIN DENIMS / LA TURIN TEXTILES,"Delhi,  Delhi ",+91-9599991929 
RACTIVA,"Delhi,  Delhi ",+91-9354187798 
STYLE JONE,"Delhi,  Delhi ",+91-8447532428 
FLYING PORT / FATIH,"Delhi,  Delhi ",+91-7838011257 
SECOND ARMY,"Delhi,  Delhi ",+91-9873962149 
H.R. FASHIONS,"Delhi,  Delhi ",+91-9760014479 
LECAP JEANS / PRAKASH ENTERPRISES,"Delhi,  Delhi ",+91-48042418 
T.R. STORE,"Delhi,  Delhi ",+91-9810388556 
OUD FASHION,"Delhi,  Delhi ",+91-9810449127 
HEART BREAKER / DAKSH ENTERPRISES,"Delhi,  Delhi ",+91-43466293 
WALL STREET DENIM DIVISION,"Delhi,  Delhi ",+91-7428717692 
BASIC REAL FIT,"Delhi,  Delhi ",+91-9899153006 
FIREOX JEANS CO.,"Delhi,  Delhi ",+91-9289228146 
PATLOON THE DENIM FACTORY,"Delhi,  Delhi ",+91-9999074530 
JONY BLUE / AKSHAY ENTERPRISES,"Delhi,  Delhi ",+91-9999798414 
SIR-G (BOOM-BOOM JEANS),"Delhi,  Delhi ",+91-8010061784 
M/S LNG JEANS,"Delhi,  Delhi ",+91-9999928372 
ABILITY JEANS COMPANY,"Delhi,  Delhi ",+91-9582763764 
JUST KAVALI BY K.L. FASHION,"Delhi,  Delhi ",+91-9999111777 
BACHOOMAL COLLECTION,"Agra,  Uttar Pradesh ",+91-0562-4007646 
GOPALSONS SELECTIONS,"Delhi,  Delhi ",+91-23327696 
SOUTHERN DISTRIBUTORS,"Secunderabad,  Telangana ",+91-040-27813752 
TIKAR TAILORS & SONS,"Pune,  Maharashtra ",+91-020-24452960 
KATTA BROTHERS LAWAZMA STORE,"Jaipur,  Rajasthan ",+91-9829092627 
BANKEY BEHARI TEXTILES,"Delhi,  Delhi ",+91-9811049860 
KIDS COLLECTION,"Delhi,  Delhi ",+91-9810277404 
 PRIYANKA HOSIERY,"Delhi,  Delhi ",+91-9810155863 
SILERY CHILDREN T-SHIRT,"Surat,  Gujarat ",+91-99132 84433 
UNIVERSITY OF DENIM,"Delhi,  Delhi ",+91-011-46801037 
G & S,"Delhi,  Delhi ",+91-28758844-55 
ITEM 'N' ZONI,"Delhi,  Delhi ",+91-9990962850 
ISHU VISHNU GIRLS WEAR,"Delhi,  Delhi ",+91-9891354928 
KHAN IMPEX,"Delhi,  Delhi ",+91-9313389438 
PAYAL EMBROIDERY,"Mumbai,  Maharashtra ",+91-9321276572 
NEW SAHIL JEANS,"Delhi,  Delhi ",+91-9811373249 
SAPNA EMPORIUM,"Mumbai,  Maharashtra ",+91-23413053 
ASHOKA COLLECTIONS,"Delhi,  Delhi ",+91-9811426426 
SARGAM NX,"Mumbai,  Maharashtra ",+91-9323298570 
SECOND ARMY (SHARMA JI),"Delhi,  Delhi ",+91-42482149 
MOHINDRA BROTHERS TEXFAB LLP,"Ambala,  Haryana ",+91-9315110943 
M/S OSLO JEANS,"Delhi,  Delhi ",+91-9560948232 
RAJA BHAI (MR. XXX ® Shirts),"Delhi,  Delhi ",+91-9810653651 
SND ENTERPRISES (VIN DIESEL),"Delhi,  Delhi ",+91-9810022476 
POOJA COLLECTION (J.P. SHIRTS),"Delhi,  Delhi ",+91-9718074156 
